Date,BreakFast,Dinner,Lunch,Month,Day,IsWeekend,IsHoliday,BreakFast_lag_1d,BreakFast_lag_1w,BreakFast_lag_1m,Lunch_lag_1d,Lunch_lag_1w,Lunch_lag_1m,Dinner_lag_1d,Dinner_lag_1w,Dinner_lag_1m,DayOfWeek_0,DayOfWeek_1,DayOfWeek_2,DayOfWeek_3,DayOfWeek_4,DayOfWeek_5,DayOfWeek_6,BreakFast_lag_2d,BreakFast_lag_3d,BreakFast_lag_7d,BreakFast_lag_14d,BreakFast_lag_21d,BreakFast_lag_28d,BreakFast_roll_mean_3,BreakFast_roll_mean_7,BreakFast_roll_mean_14,BreakFast_roll_mean_30,BreakFast_roll_std_7,BreakFast_roll_std_30,BreakFast_ema_7,BreakFast_ema_30,Holiday_Yesterday,Holiday_LastWeek
2023-03-08,0.0,22190.0,0.0,3,8,0,0,0.0,0.0,0.0,1000.0,0.0,0.0,30090.0,23850.0,0.0,0,0,1,0,0,0,0,0.0,0.0,0.0,0.0,0.0,0.0,0.0,0.0,488.92857142857144,821.1666666666666,0.0,2581.5768648629078,85.56582359578621,481.0898113037914,0.0,0.0
2023-03-09,0.0,19400.0,0.0,3,9,0,0,0.0,0.0,10945.0,0.0,0.0,33570.0,22190.0,14150.0,0.0,0,0,0,1,0,0,0,0.0,0.0,0.0,6845.0,0.0,0.0,0.0,0.0,488.92857142857144,821.1666666666666,0.0,2581.5768648629078,64.17436769683965,450.05175896161137,0.0,0.0
2023-03-10,0.0,14400.0,0.0,3,10,1,0,0.0,0.0,0.0,0.0,3230.0,0.0,19400.0,0.0,26970.0,0,0,0,0,1,0,0,0.0,0.0,0.0,0.0,0.0,0.0,0.0,0.0,0.0,456.3333333333333,0.0,1736.6321615033548,48.13077577262974,421.01616160924937,0.0,0.0
2023-03-11,0.0,0.0,4000.0,3,11,1,0,0.0,0.0,0.0,0.0,10170.0,36420.0,14400.0,0.0,19425.0,0,0,0,0,0,1,0,0.0,0.0,0.0,0.0,0.0,0.0,0.0,0.0,0.0,456.3333333333333,0.0,1736.6321615033548,36.09808182947231,393.853828602201,0.0,0.0
2023-03-12,0.0,0.0,2300.0,3,12,0,0,0.0,0.0,0.0,4000.0,10255.0,1800.0,0.0,0.0,0.0,0,0,0,0,0,0,1,0.0,0.0,0.0,0.0,0.0,0.0,0.0,0.0,0.0,456.3333333333333,0.0,1736.6321615033548,27.07356137210423,368.4439041762526,0.0,0.0
2023-03-13,0.0,26210.0,0.0,3,13,0,0,0.0,0.0,0.0,2300.0,6000.0,0.0,0.0,27690.0,28000.0,1,0,0,0,0,0,0,0.0,0.0,0.0,0.0,0.0,0.0,0.0,0.0,0.0,456.3333333333333,0.0,1736.6321615033548,20.305171029078174,344.6733297132686,0.0,0.0
2023-03-14,0.0,89580.0,0.0,3,14,0,0,0.0,0.0,0.0,0.0,1000.0,0.0,26210.0,30090.0,14900.0,0,1,0,0,0,0,0,0.0,0.0,0.0,0.0,6845.0,0.0,0.0,0.0,0.0,456.3333333333333,0.0,1736.6321615033548,15.22887827180863,322.43634069950934,0.0,0.0
2023-03-15,0.0,49080.0,0.0,3,15,0,0,0.0,0.0,0.0,0.0,0.0,10080.0,89580.0,22190.0,0.0,0,0,1,0,0,0,0,0.0,0.0,0.0,0.0,0.0,0.0,0.0,0.0,0.0,456.3333333333333,0.0,1736.6321615033548,11.421658703856473,301.6339961382507,0.0,0.0
2023-03-16,0.0,74120.0,5000.0,3,16,0,0,0.0,0.0,0.0,0.0,0.0,10080.0,49080.0,19400.0,9750.0,0,0,0,1,0,0,0,0.0,0.0,0.0,0.0,6845.0,0.0,0.0,0.0,0.0,456.3333333333333,0.0,1736.6321615033548,8.566244027892354,282.17373832287973,0.0,0.0
2023-03-17,0.0,20850.0,11700.0,3,17,1,0,0.0,0.0,0.0,5000.0,0.0,20000.0,74120.0,14400.0,0.0,0,0,0,0,1,0,0,0.0,0.0,0.0,0.0,0.0,0.0,0.0,0.0,0.0,456.3333333333333,0.0,1736.6321615033548,6.424683020919266,263.9689810117262,0.0,0.0
2023-03-18,0.0,0.0,1850.0,3,18,1,0,0.0,0.0,0.0,11700.0,4000.0,0.0,20850.0,0.0,6460.0,0,0,0,0,0,1,0,0.0,0.0,0.0,0.0,0.0,0.0,0.0,0.0,0.0,456.3333333333333,0.0,1736.6321615033548,4.818512265689449,246.93872417226,0.0,0.0
2023-03-19,7100.0,0.0,0.0,3,19,0,0,0.0,0.0,0.0,1850.0,2300.0,0.0,0.0,0.0,9575.0,0,0,0,0,0,0,1,0.0,0.0,0.0,0.0,0.0,0.0,0.0,0.0,0.0,456.3333333333333,0.0,1736.6321615033548,3.613884199267087,231.0071935805013,0.0,0.0
2023-03-20,0.0,0.0,32210.0,3,20,0,0,7100.0,0.0,0.0,0.0,0.0,0.0,0.0,26210.0,15500.0,1,0,0,0,0,0,0,0.0,0.0,0.0,0.0,0.0,0.0,2366.6666666666665,1014.2857142857143,507.14285714285717,693.0,2683.5477583655133,2114.894470343533,1777.7104131494502,674.1680198011142,0.0,0.0
2023-03-21,2250.0,19160.0,0.0,3,21,0,0,0.0,0.0,0.0,32210.0,0.0,0.0,0.0,89580.0,5250.0,0,1,0,0,0,0,0,7100.0,0.0,0.0,0.0,0.0,6845.0,2366.6666666666665,1014.2857142857143,507.14285714285717,693.0,2683.5477583655133,2114.894470343533,1333.2828098620876,630.6733088462036,0.0,0.0
2023-03-22,0.0,0.0,11160.0,3,22,0,0,2250.0,0.0,0.0,0.0,0.0,27025.0,19160.0,49080.0,18510.0,0,0,1,0,0,0,0,0.0,7100.0,0.0,0.0,0.0,0.0,3116.6666666666665,1335.7142857142858,667.8571428571429,768.0,2676.551619421634,2129.3177634939866,1562.4621073965657,735.1459985980614,0.0,0.0
2023-03-27,0.0,11530.0,1500.0,3,27,0,0,0.0,0.0,6845.0,11160.0,5000.0,2800.0,0.0,74120.0,29000.0,1,0,0,0,0,0,0,2250.0,0.0,0.0,0.0,0.0,6845.0,750.0,1335.7142857142858,667.8571428571429,768.0,2676.551619421634,2129.3177634939866,1171.8465805474243,687.7172244949606,0.0,0.0
2023-03-28,1500.0,0.0,0.0,3,28,0,0,0.0,0.0,0.0,1500.0,11700.0,7400.0,11530.0,20850.0,26690.0,0,1,0,0,0,0,0,0.0,2250.0,0.0,0.0,0.0,0.0,750.0,1335.7142857142858,667.8571428571429,539.8333333333334,2676.551619421634,1796.3941293090695,878.8849354105682,643.3483713017374,0.0,0.0
2023-03-29,0.0,0.0,1500.0,3,29,0,0,1500.0,0.0,6845.0,0.0,1850.0,0.0,0.0,0.0,35860.0,0,0,1,0,0,0,0,0.0,0.0,0.0,0.0,0.0,0.0,500.0,1550.0,775.0,589.8333333333334,2611.034277829381,1801.717802606691,1034.1637015579263,698.6162183145285,0.0,0.0
2023-03-30,0.0,0.0,1500.0,3,30,0,0,0.0,7100.0,0.0,1500.0,0.0,7030.0,0.0,0.0,20740.0,0,0,0,1,0,0,0,1500.0,0.0,7100.0,0.0,0.0,0.0,500.0,1550.0,775.0,361.6666666666667,2611.034277829381,1362.0270981489143,775.6227761684447,653.5442042297202,0.0,0.0
2023-04-02,0.0,74450.0,0.0,4,2,0,0,0.0,0.0,0.0,1500.0,32210.0,9900.0,0.0,0.0,15000.0,0,0,0,0,0,0,1,0.0,1500.0,0.0,0.0,0.0,0.0,500.0,535.7142857142857,775.0,361.6666666666667,940.1747557920123,1362.0270981489143,581.7170821263335,611.3800620213513,0.0,0.0
2023-04-03,0.0,2500.0,0.0,4,3,0,0,0.0,2250.0,0.0,0.0,0.0,21100.0,74450.0,19160.0,0.0,1,0,0,0,0,0,0,0.0,0.0,2250.0,0.0,0.0,0.0,0.0,535.7142857142857,775.0,361.6666666666667,940.1747557920123,1362.0270981489143,436.2878115947501,571.9361870522318,0.0,0.0
2023-04-04,0.0,0.0,1000.0,4,4,0,0,0.0,0.0,0.0,0.0,11160.0,1500.0,2500.0,0.0,18000.0,0,1,0,0,0,0,0,0.0,0.0,0.0,0.0,0.0,0.0,0.0,214.28571428571428,775.0,361.6666666666667,566.9467095138397,1362.0270981489143,327.2158586960626,535.0370782101525,0.0,0.0
2023-04-06,6000.0,0.0,0.0,4,6,0,0,0.0,0.0,0.0,1000.0,1500.0,4140.0,0.0,11530.0,4730.0,0,0,0,1,0,0,0,0.0,0.0,0.0,0.0,0.0,0.0,0.0,214.28571428571428,775.0,361.6666666666667,566.9467095138397,1362.0270981489143,245.41189402204694,500.51855703530396,0.0,0.0
2023-04-07,0.0,4700.0,0.0,4,7,1,0,6000.0,1500.0,0.0,0.0,0.0,0.0,0.0,0.0,23850.0,0,0,0,0,1,0,0,0.0,0.0,1500.0,0.0,0.0,0.0,2000.0,1071.4285714285713,1203.5714285714287,561.6666666666666,2244.0397246292864,1704.541769414337,1684.0589205165352,855.3238114201231,0.0,0.0
2023-04-08,0.0,9750.0,0.0,4,8,1,0,0.0,0.0,0.0,0.0,1500.0,0.0,4700.0,0.0,14150.0,0,0,0,0,0,1,0,6000.0,0.0,0.0,0.0,0.0,0.0,2000.0,857.1428571428571,1203.5714285714287,561.6666666666666,2267.786838055363,1704.541769414337,1263.0441903874014,800.1416300381798,0.0,0.0
2023-04-09,0.0,0.0,4700.0,4,9,0,0,0.0,0.0,0.0,0.0,1500.0,3230.0,9750.0,0.0,0.0,0,0,0,0,0,0,1,0.0,6000.0,0.0,7100.0,0.0,0.0,2000.0,857.1428571428571,1203.5714285714287,561.6666666666666,2267.786838055363,1704.541769414337,947.283142790551,748.5195893905553,0.0,0.0
2023-04-12,0.0,21000.0,1500.0,4,12,0,0,0.0,0.0,0.0,4700.0,0.0,10170.0,0.0,74450.0,0.0,0,0,1,0,0,0,0,0.0,0.0,0.0,0.0,0.0,0.0,0.0,857.1428571428571,696.4285714285714,561.6666666666666,2267.786838055363,1704.541769414337,710.4623570929132,700.2280029782614,0.0,0.0
2023-04-13,0.0,22790.0,0.0,4,13,0,0,0.0,0.0,0.0,1500.0,0.0,10255.0,21000.0,2500.0,0.0,0,0,0,1,0,0,0,0.0,0.0,0.0,2250.0,0.0,0.0,0.0,857.1428571428571,696.4285714285714,561.6666666666666,2267.786838055363,1704.541769414337,532.8467678196848,655.0520027861156,0.0,0.0
2023-04-14,0.0,7150.0,0.0,4,14,1,0,0.0,0.0,0.0,0.0,1000.0,6000.0,22790.0,0.0,27690.0,0,0,0,0,1,0,0,0.0,0.0,0.0,0.0,0.0,0.0,0.0,857.1428571428571,535.7142857142857,561.6666666666666,2267.786838055363,1704.541769414337,399.6350758647636,612.7905832515276,0.0,0.0
2023-04-17,0.0,13975.0,0.0,4,17,0,0,0.0,6000.0,0.0,0.0,0.0,1000.0,7150.0,0.0,30090.0,1,0,0,0,0,0,0,0.0,0.0,6000.0,0.0,0.0,0.0,0.0,857.1428571428571,535.7142857142857,561.6666666666666,2267.786838055363,1704.541769414337,299.7263068985727,573.2557069127193,0.0,0.0
2023-04-18,0.0,38575.0,0.0,4,18,0,0,0.0,0.0,0.0,0.0,0.0,0.0,13975.0,4700.0,22190.0,0,1,0,0,0,0,0,0.0,0.0,0.0,1500.0,0.0,0.0,0.0,0.0,535.7142857142857,561.6666666666666,0.0,1704.541769414337,224.79473017392954,536.2714677570601,0.0,0.0
2023-04-19,0.0,21495.0,0.0,4,19,0,0,0.0,0.0,0.0,0.0,0.0,0.0,38575.0,9750.0,19400.0,0,0,1,0,0,0,0,0.0,0.0,0.0,0.0,0.0,0.0,0.0,0.0,428.57142857142856,561.6666666666666,0.0,1704.541769414337,168.59604763044715,501.6733085469272,0.0,0.0
2023-04-20,0.0,16695.0,0.0,4,20,0,1,0.0,0.0,0.0,0.0,4700.0,0.0,21495.0,0.0,14400.0,0,0,0,1,0,0,0,0.0,0.0,0.0,0.0,7100.0,0.0,0.0,0.0,428.57142857142856,561.6666666666666,0.0,1704.541769414337,126.44703572283535,469.3072886406739,0.0,0.0
2023-04-21,0.0,14520.0,1350.0,4,21,1,1,0.0,0.0,0.0,0.0,1500.0,4000.0,16695.0,21000.0,0.0,0,0,0,0,1,0,0,0.0,0.0,0.0,0.0,0.0,0.0,0.0,0.0,428.57142857142856,561.6666666666666,0.0,1704.541769414337,94.8352767921265,439.02939905095303,1.0,0.0
2023-04-22,0.0,36670.0,0.0,4,22,1,1,0.0,0.0,0.0,1350.0,0.0,2300.0,14520.0,22790.0,0.0,0,0,0,0,0,1,0,0.0,0.0,0.0,0.0,2250.0,0.0,0.0,0.0,428.57142857142856,561.6666666666666,0.0,1704.541769414337,71.12645759409489,410.70492169282704,1.0,0.0
2023-04-23,0.0,20070.0,0.0,4,23,0,1,0.0,0.0,0.0,0.0,0.0,0.0,36670.0,7150.0,26210.0,0,0,0,0,0,0,1,0.0,0.0,0.0,0.0,0.0,0.0,0.0,0.0,428.57142857142856,561.6666666666666,0.0,1704.541769414337,53.344843195571165,384.2078299707092,1.0,0.0
2023-04-25,0.0,2880.0,0.0,4,25,0,0,0.0,0.0,0.0,0.0,0.0,0.0,20070.0,13975.0,89580.0,0,1,0,0,0,0,0,0.0,0.0,0.0,6000.0,0.0,0.0,0.0,0.0,428.57142857142856,561.6666666666666,0.0,1704.541769414337,40.00863239667837,359.42022803711507,1.0,0.0
2023-04-26,0.0,15200.0,0.0,4,26,0,0,0.0,0.0,0.0,0.0,0.0,0.0,2880.0,38575.0,49080.0,0,0,1,0,0,0,0,0.0,0.0,0.0,0.0,1500.0,0.0,0.0,0.0,0.0,561.6666666666666,0.0,1704.541769414337,30.00647429750878,336.231826228269,0.0,0.0
2023-04-27,0.0,1800.0,2520.0,4,27,0,0,0.0,0.0,0.0,0.0,0.0,5000.0,15200.0,21495.0,74120.0,0,0,0,1,0,0,0,0.0,0.0,0.0,0.0,0.0,0.0,0.0,0.0,0.0,561.6666666666666,0.0,1704.541769414337,22.504855723131584,314.53945034257424,0.0,0.0
2023-04-28,0.0,15550.0,0.0,4,28,1,0,0.0,0.0,0.0,2520.0,0.0,11700.0,1800.0,16695.0,20850.0,0,0,0,0,1,0,0,0.0,0.0,0.0,0.0,0.0,7100.0,0.0,0.0,0.0,561.6666666666666,0.0,1704.541769414337,16.878641792348688,294.2465825785372,0.0,1.0
2023-04-29,0.0,14000.0,3600.0,4,29,1,0,0.0,0.0,0.0,0.0,1350.0,1850.0,15550.0,14520.0,0.0,0,0,0,0,0,1,0,0.0,0.0,0.0,0.0,0.0,0.0,0.0,0.0,0.0,561.6666666666666,0.0,1704.541769414337,12.658981344261516,275.2629320895993,0.0,1.0
2023-04-30,0.0,9000.0,0.0,4,30,0,0,0.0,0.0,7100.0,3600.0,0.0,0.0,14000.0,36670.0,0.0,0,0,0,0,0,0,1,0.0,0.0,0.0,0.0,0.0,2250.0,0.0,0.0,0.0,561.6666666666666,0.0,1704.541769414337,9.494236008196136,257.50403324510904,0.0,1.0
2023-05-02,0.0,0.0,9660.0,5,2,0,0,0.0,0.0,0.0,0.0,0.0,32210.0,9000.0,20070.0,0.0,0,1,0,0,0,0,0,0.0,0.0,0.0,0.0,0.0,0.0,0.0,0.0,0.0,325.0,0.0,1176.5488690994985,7.120677006147102,240.89086980994074,0.0,1.0
2023-05-03,0.0,12100.0,15580.0,5,3,0,0,0.0,0.0,2250.0,9660.0,0.0,0.0,0.0,2880.0,19160.0,0,0,1,0,0,0,0,0.0,0.0,0.0,0.0,6000.0,0.0,0.0,0.0,0.0,325.0,0.0,1176.5488690994985,5.340507754610327,225.34952337058974,0.0,0.0
2023-05-04,0.0,4400.0,22100.0,5,4,0,0,0.0,0.0,0.0,15580.0,0.0,11160.0,12100.0,15200.0,0.0,0,0,0,1,0,0,0,0.0,0.0,0.0,0.0,0.0,1500.0,0.0,0.0,0.0,250.0,0.0,1119.9599746542663,4.005380815957745,210.81084444345493,0.0,0.0
2023-05-05,0.0,42350.0,6400.0,5,5,1,0,0.0,0.0,0.0,22100.0,2520.0,1500.0,4400.0,1800.0,11530.0,0,0,0,0,1,0,0,0.0,0.0,0.0,0.0,0.0,0.0,0.0,0.0,0.0,250.0,0.0,1119.9599746542663,3.0040356119683085,197.2101448019417,0.0,0.0
2023-05-06,0.0,87440.0,0.0,5,6,1,0,0.0,0.0,1500.0,6400.0,0.0,0.0,42350.0,15550.0,0.0,0,0,0,0,0,1,0,0.0,0.0,0.0,0.0,0.0,0.0,0.0,0.0,0.0,250.0,0.0,1119.9599746542663,2.2530267089762313,184.48690965342936,0.0,0.0
2023-05-07,0.0,96220.0,20100.0,5,7,0,0,0.0,0.0,0.0,0.0,3600.0,1500.0,87440.0,14000.0,0.0,0,0,0,0,0,0,1,0.0,0.0,0.0,0.0,0.0,0.0,0.0,0.0,0.0,200.0,0.0,1095.4451150103314,1.6897700317321735,172.5845283854662,0.0,0.0
2023-05-08,0.0,0.0,3500.0,5,8,0,0,0.0,0.0,0.0,20100.0,0.0,1500.0,96220.0,9000.0,0.0,1,0,0,0,0,0,0,0.0,0.0,0.0,0.0,0.0,0.0,0.0,0.0,0.0,200.0,0.0,1095.4451150103314,1.2673275237991302,161.45004268317805,0.0,0.0
2023-05-09,0.0,7200.0,0.0,5,9,0,0,0.0,0.0,0.0,3500.0,9660.0,0.0,0.0,0.0,74450.0,0,1,0,0,0,0,0,0.0,0.0,0.0,0.0,0.0,0.0,0.0,0.0,0.0,200.0,0.0,1095.4451150103314,0.9504956428493476,151.03391089716658,0.0,0.0
2023-05-10,0.0,15350.0,0.0,5,10,0,0,0.0,0.0,0.0,0.0,15580.0,0.0,7200.0,12100.0,2500.0,0,0,1,0,0,0,0,0.0,0.0,0.0,0.0,0.0,6000.0,0.0,0.0,0.0,200.0,0.0,1095.4451150103314,0.7128717321370107,141.2897876134784,0.0,0.0
2023-05-11,0.0,24600.0,0.0,5,11,0,0,0.0,0.0,0.0,0.0,22100.0,1000.0,15350.0,4400.0,0.0,0,0,0,1,0,0,0,0.0,0.0,0.0,0.0,0.0,0.0,0.0,0.0,0.0,200.0,0.0,1095.4451150103314,0.534653799102758,132.17431744486692,0.0,0.0
2023-05-12,0.0,40050.0,0.0,5,12,1,0,0.0,0.0,6000.0,0.0,6400.0,0.0,24600.0,42350.0,0.0,0,0,0,0,1,0,0,0.0,0.0,0.0,0.0,0.0,0.0,0.0,0.0,0.0,200.0,0.0,1095.4451150103314,0.4009903493270685,123.64694212584325,0.0,0.0
2023-05-13,0.0,46920.0,0.0,5,13,1,0,0.0,0.0,0.0,0.0,0.0,0.0,40050.0,87440.0,4700.0,0,0,0,0,0,1,0,0.0,0.0,0.0,0.0,0.0,0.0,0.0,0.0,0.0,0.0,0.0,0.0,0.30074276199530137,115.66972005320821,0.0,0.0
2023-05-14,0.0,15725.0,0.0,5,14,0,0,0.0,0.0,0.0,0.0,20100.0,0.0,46920.0,96220.0,9750.0,0,0,0,0,0,0,1,0.0,0.0,0.0,0.0,0.0,0.0,0.0,0.0,0.0,0.0,0.0,0.0,0.22555707149647602,108.20715746913027,0.0,0.0
2023-05-15,0.0,17200.0,0.0,5,15,0,0,0.0,0.0,0.0,0.0,3500.0,4700.0,15725.0,0.0,0.0,1,0,0,0,0,0,0,0.0,0.0,0.0,0.0,0.0,0.0,0.0,0.0,0.0,0.0,0.0,0.0,0.169167803622357,101.226050535638,0.0,0.0
2023-05-16,0.0,42470.0,0.0,5,16,0,0,0.0,0.0,0.0,0.0,0.0,1500.0,17200.0,7200.0,21000.0,0,1,0,0,0,0,0,0.0,0.0,0.0,0.0,0.0,0.0,0.0,0.0,0.0,0.0,0.0,0.0,0.12687585271676777,94.6953375978549,0.0,0.0
2023-05-17,0.0,15550.0,0.0,5,17,0,0,0.0,0.0,0.0,0.0,0.0,0.0,42470.0,15350.0,22790.0,0,0,1,0,0,0,0,0.0,0.0,0.0,0.0,0.0,0.0,0.0,0.0,0.0,0.0,0.0,0.0,0.09515688953757583,88.58596097863847,0.0,0.0
2023-05-18,0.0,12600.0,0.0,5,18,0,0,0.0,0.0,0.0,0.0,0.0,0.0,15550.0,24600.0,7150.0,0,0,0,1,0,0,0,0.0,0.0,0.0,0.0,0.0,0.0,0.0,0.0,0.0,0.0,0.0,0.0,0.07136766715318187,82.87073768969405,0.0,0.0
2023-05-19,0.0,0.0,11600.0,5,19,1,0,0.0,0.0,0.0,0.0,0.0,0.0,12600.0,40050.0,13975.0,0,0,0,0,1,0,0,0.0,0.0,0.0,0.0,0.0,0.0,0.0,0.0,0.0,0.0,0.0,0.0,0.053525750364886396,77.52423848390734,0.0,0.0
2023-05-20,0.0,27700.0,0.0,5,20,1,0,0.0,0.0,0.0,11600.0,0.0,0.0,0.0,46920.0,38575.0,0,0,0,0,0,1,0,0.0,0.0,0.0,0.0,0.0,0.0,0.0,0.0,0.0,0.0,0.0,0.0,0.0401443127736648,72.52267471075203,0.0,0.0
2023-05-21,0.0,3500.0,0.0,5,21,0,0,0.0,0.0,0.0,0.0,0.0,0.0,27700.0,15725.0,21495.0,0,0,0,0,0,0,1,0.0,0.0,0.0,0.0,0.0,0.0,0.0,0.0,0.0,0.0,0.0,0.0,0.0301082345802486,67.84379247134868,0.0,0.0
2023-05-22,0.0,7235.0,0.0,5,22,0,0,0.0,0.0,0.0,0.0,0.0,0.0,3500.0,17200.0,16695.0,1,0,0,0,0,0,0,0.0,0.0,0.0,0.0,0.0,0.0,0.0,0.0,0.0,0.0,0.0,0.0,0.02258117593518645,63.46677360222941,0.0,0.0
2023-05-23,0.0,20000.0,16990.0,5,23,0,0,0.0,0.0,0.0,0.0,0.0,1350.0,7235.0,42470.0,14520.0,0,1,0,0,0,0,0,0.0,0.0,0.0,0.0,0.0,0.0,0.0,0.0,0.0,0.0,0.0,0.0,0.01693588195138984,59.37214304724687,0.0,0.0
2023-05-24,0.0,11300.0,0.0,5,24,0,0,0.0,0.0,0.0,16990.0,0.0,0.0,20000.0,15550.0,36670.0,0,0,1,0,0,0,0,0.0,0.0,0.0,0.0,0.0,0.0,0.0,0.0,0.0,0.0,0.0,0.0,0.012701911463542378,55.54168220548901,0.0,0.0
2023-05-25,0.0,0.0,29640.0,5,25,0,0,0.0,0.0,0.0,0.0,0.0,0.0,11300.0,12600.0,20070.0,0,0,0,1,0,0,0,0.0,0.0,0.0,0.0,0.0,0.0,0.0,0.0,0.0,0.0,0.0,0.0,0.009526433597656783,51.958347869651014,0.0,0.0
2023-05-26,0.0,0.0,17640.0,5,26,1,0,0.0,0.0,0.0,29640.0,11600.0,0.0,0.0,0.0,2880.0,0,0,0,0,1,0,0,0.0,0.0,0.0,0.0,0.0,0.0,0.0,0.0,0.0,0.0,0.0,0.0,0.007144825198242587,48.60619639418966,0.0,0.0
2023-05-27,0.0,26500.0,4200.0,5,27,1,0,0.0,0.0,0.0,17640.0,0.0,0.0,0.0,27700.0,15200.0,0,0,0,0,0,1,0,0.0,0.0,0.0,0.0,0.0,0.0,0.0,0.0,0.0,0.0,0.0,0.0,0.00535861889868194,45.47031275585485,0.0,0.0
2023-05-28,0.0,13600.0,3200.0,5,28,0,0,0.0,0.0,0.0,4200.0,0.0,2520.0,26500.0,3500.0,1800.0,0,0,0,0,0,0,1,0.0,0.0,0.0,0.0,0.0,0.0,0.0,0.0,0.0,0.0,0.0,0.0,0.004018964174011455,42.53674419096099,0.0,0.0
2023-05-29,0.0,14450.0,4250.0,5,29,0,0,0.0,0.0,0.0,3200.0,0.0,0.0,13600.0,7235.0,15550.0,1,0,0,0,0,0,0,0.0,0.0,0.0,0.0,0.0,0.0,0.0,0.0,0.0,0.0,0.0,0.0,0.0030142231305085917,39.7924381141248,0.0,0.0
2023-05-30,0.0,18670.0,0.0,5,30,0,0,0.0,0.0,0.0,4250.0,16990.0,3600.0,14450.0,20000.0,14000.0,0,1,0,0,0,0,0,0.0,0.0,0.0,0.0,0.0,0.0,0.0,0.0,0.0,0.0,0.0,0.0,0.0022606673478814438,37.22518404224578,0.0,0.0
2023-05-31,0.0,3600.0,22070.0,5,31,0,0,0.0,0.0,0.0,0.0,0.0,0.0,18670.0,11300.0,9000.0,0,0,1,0,0,0,0,0.0,0.0,0.0,0.0,0.0,0.0,0.0,0.0,0.0,0.0,0.0,0.0,0.001695500510911083,34.8235592653267,0.0,0.0
2023-06-01,5300.0,16400.0,0.0,6,1,0,0,0.0,0.0,0.0,22070.0,29640.0,9660.0,3600.0,0.0,0.0,0,0,0,1,0,0,0,0.0,0.0,0.0,0.0,0.0,0.0,0.0,0.0,0.0,0.0,0.0,0.0,0.001271625383183312,32.5768780224024,0.0,0.0
2023-06-02,14620.0,6659.0,0.0,6,2,1,0,5300.0,0.0,0.0,0.0,17640.0,15580.0,16400.0,0.0,12100.0,0,0,0,0,1,0,0,0.0,0.0,0.0,0.0,0.0,0.0,1766.6666666666667,757.1428571428571,378.57142857142856,176.66666666666666,2003.211706948904,967.6431849257926,1325.0009537190374,372.4106278274087,0.0,0.0
2023-06-03,0.0,24150.0,0.0,6,3,1,0,14620.0,0.0,0.0,0.0,4200.0,22100.0,6659.0,26500.0,4400.0,0,0,0,0,0,1,0,5300.0,0.0,0.0,0.0,0.0,0.0,6640.0,2845.714285714286,1422.857142857143,664.0,5554.994320857754,2807.671264773439,4648.750715289278,1291.6099421611243,0.0,0.0
2023-06-04,0.0,8200.0,0.0,6,4,0,0,0.0,0.0,0.0,0.0,3200.0,6400.0,24150.0,13600.0,42350.0,0,0,0,0,0,0,1,14620.0,5300.0,0.0,0.0,0.0,0.0,6640.0,2845.714285714286,1422.857142857143,664.0,5554.994320857754,2807.671264773439,3486.5630364669582,1208.28026847331,0.0,0.0
2023-06-05,0.0,15450.0,0.0,6,5,0,0,0.0,0.0,0.0,0.0,4250.0,0.0,8200.0,14450.0,87440.0,1,0,0,0,0,0,0,0.0,14620.0,0.0,0.0,0.0,0.0,4873.333333333333,2845.714285714286,1422.857142857143,664.0,5554.994320857754,2807.671264773439,2614.922277350219,1130.3267027653544,0.0,0.0
2023-06-06,0.0,14250.0,16030.0,6,6,0,0,0.0,0.0,0.0,0.0,0.0,20100.0,15450.0,18670.0,96220.0,0,1,0,0,0,0,0,0.0,0.0,0.0,0.0,0.0,0.0,0.0,2845.714285714286,1422.857142857143,664.0,5554.994320857754,2807.671264773439,1961.191708012664,1057.4023993611381,0.0,0.0
2023-06-07,0.0,2500.0,0.0,6,7,0,0,0.0,0.0,0.0,16030.0,22070.0,3500.0,14250.0,3600.0,0.0,0,0,1,0,0,0,0,0.0,0.0,0.0,0.0,0.0,0.0,0.0,2845.714285714286,1422.857142857143,664.0,5554.994320857754,2807.671264773439,1470.893781009498,989.1828897249358,0.0,0.0
2023-06-08,0.0,9680.0,0.0,6,8,0,0,0.0,5300.0,0.0,0.0,0.0,0.0,2500.0,16400.0,7200.0,0,0,0,1,0,0,0,0.0,0.0,5300.0,0.0,0.0,0.0,0.0,2845.714285714286,1422.857142857143,664.0,5554.994320857754,2807.671264773439,1103.1703357571237,925.36463877494,0.0,0.0
2023-06-09,0.0,14400.0,12220.0,6,9,1,0,0.0,14620.0,0.0,0.0,0.0,0.0,9680.0,6659.0,15350.0,0,0,0,0,1,0,0,0.0,0.0,14620.0,0.0,0.0,0.0,0.0,2088.5714285714284,1422.857142857143,664.0,5525.840595394902,2807.671264773439,827.3777518178427,865.6636943378471,0.0,0.0
2023-06-10,0.0,17950.0,0.0,6,10,1,0,0.0,0.0,0.0,12220.0,0.0,0.0,14400.0,24150.0,24600.0,0,0,0,0,0,1,0,0.0,0.0,0.0,0.0,0.0,0.0,0.0,0.0,1422.857142857143,664.0,0.0,2807.671264773439,620.5333138633821,809.8144237354054,0.0,0.0
2023-06-11,0.0,8420.0,0.0,6,11,0,0,0.0,0.0,0.0,0.0,0.0,0.0,17950.0,8200.0,40050.0,0,0,0,0,0,0,1,0.0,0.0,0.0,0.0,0.0,0.0,0.0,0.0,1422.857142857143,664.0,0.0,2807.671264773439,465.39998539753657,757.5683318815084,0.0,0.0
2023-06-14,0.0,28100.0,0.0,6,14,0,0,0.0,0.0,0.0,0.0,0.0,0.0,8420.0,15450.0,46920.0,0,0,1,0,0,0,0,0.0,0.0,0.0,0.0,0.0,0.0,0.0,0.0,1422.857142857143,664.0,0.0,2807.671264773439,349.04998904815244,708.6929556310885,0.0,0.0
2023-06-15,0.0,22100.0,12970.0,6,15,0,0,0.0,0.0,0.0,0.0,16030.0,0.0,28100.0,14250.0,15725.0,0,0,0,1,0,0,0,0.0,0.0,0.0,0.0,0.0,0.0,0.0,0.0,1422.857142857143,664.0,0.0,2807.671264773439,261.78749178611434,662.9708294613408,0.0,0.0
2023-06-16,0.0,10000.0,1850.0,6,16,1,0,0.0,0.0,0.0,12970.0,0.0,0.0,22100.0,2500.0,17200.0,0,0,0,0,1,0,0,0.0,0.0,0.0,0.0,0.0,0.0,0.0,0.0,1422.857142857143,664.0,0.0,2807.671264773439,196.34061883958577,620.1985178831899,0.0,0.0
2023-06-17,0.0,25250.0,0.0,6,17,1,0,0.0,0.0,0.0,1850.0,0.0,0.0,10000.0,9680.0,42470.0,0,0,0,0,0,1,0,0.0,0.0,0.0,5300.0,0.0,0.0,0.0,0.0,1422.857142857143,664.0,0.0,2807.671264773439,147.25546412968933,580.1857102778229,0.0,0.0
2023-06-18,0.0,0.0,34745.0,6,18,0,0,0.0,0.0,0.0,0.0,12220.0,0.0,25250.0,14400.0,15550.0,0,0,0,0,0,0,1,0.0,0.0,0.0,14620.0,0.0,0.0,0.0,0.0,1044.2857142857142,664.0,0.0,2807.671264773439,110.44159809726699,542.7543741308666,0.0,0.0
2023-06-19,0.0,8000.0,4590.0,6,19,0,0,0.0,0.0,0.0,34745.0,0.0,0.0,0.0,17950.0,12600.0,1,0,0,0,0,0,0,0.0,0.0,0.0,0.0,0.0,0.0,0.0,0.0,0.0,664.0,0.0,2807.671264773439,82.83119857295024,507.7379628966172,0.0,0.0
2023-06-20,0.0,28080.0,5270.0,6,20,0,0,0.0,0.0,0.0,4590.0,0.0,11600.0,8000.0,8420.0,0.0,0,1,0,0,0,0,0,0.0,0.0,0.0,0.0,0.0,0.0,0.0,0.0,0.0,664.0,0.0,2807.671264773439,62.12339892971268,474.9806749678032,0.0,0.0
2023-06-21,0.0,33500.0,5100.0,6,21,0,0,0.0,0.0,0.0,5270.0,0.0,0.0,28080.0,28100.0,27700.0,0,0,1,0,0,0,0,0.0,0.0,0.0,0.0,0.0,0.0,0.0,0.0,0.0,664.0,0.0,2807.671264773439,46.59254919728451,444.3367604537514,0.0,0.0
2023-06-22,5600.0,33740.0,0.0,6,22,0,0,0.0,0.0,0.0,5100.0,12970.0,0.0,33500.0,22100.0,3500.0,0,0,0,1,0,0,0,0.0,0.0,0.0,0.0,0.0,0.0,0.0,0.0,0.0,664.0,0.0,2807.671264773439,34.944411897963384,415.66987268254167,0.0,0.0
2023-06-23,0.0,15800.0,0.0,6,23,1,0,5600.0,0.0,0.0,0.0,1850.0,0.0,33740.0,10000.0,7235.0,0,0,0,0,1,0,0,0.0,0.0,0.0,0.0,0.0,0.0,1866.6666666666667,800.0,400.0,850.6666666666666,2116.6010488516717,2944.810670494365,1426.2083089234725,750.1427841223776,0.0,0.0
2023-06-24,0.0,36680.0,8500.0,6,24,1,0,0.0,0.0,0.0,0.0,0.0,16990.0,15800.0,25250.0,20000.0,0,0,0,0,0,1,0,5600.0,0.0,0.0,0.0,5300.0,0.0,1866.6666666666667,800.0,400.0,850.6666666666666,2116.6010488516717,2944.810670494365,1069.6562316926043,701.746475469321,0.0,0.0
2023-06-25,0.0,0.0,1850.0,6,25,0,0,0.0,0.0,0.0,8500.0,34745.0,0.0,36680.0,0.0,11300.0,0,0,0,0,0,0,1,0.0,5600.0,0.0,0.0,14620.0,0.0,1866.6666666666667,800.0,400.0,850.6666666666666,2116.6010488516717,2944.810670494365,802.2421737694532,656.47250931001,0.0,0.0
2023-06-26,0.0,2775.0,0.0,6,26,0,0,0.0,0.0,0.0,1850.0,4590.0,29640.0,0.0,8000.0,0.0,1,0,0,0,0,0,0,0.0,0.0,0.0,0.0,0.0,0.0,0.0,800.0,400.0,850.6666666666666,2116.6010488516717,2944.810670494365,601.6816303270899,614.1194441932352,0.0,0.0
2023-07-01,0.0,7925.0,0.0,7,1,1,0,0.0,0.0,0.0,0.0,5270.0,17640.0,2775.0,28080.0,0.0,0,0,0,0,0,1,0,0.0,0.0,0.0,0.0,0.0,0.0,0.0,800.0,400.0,850.6666666666666,2116.6010488516717,2944.810670494365,451.26122274531747,574.4988348904458,0.0,0.0
2023-07-03,0.0,1440.0,0.0,7,3,0,0,0.0,0.0,0.0,0.0,5100.0,4200.0,7925.0,33500.0,26500.0,1,0,0,0,0,0,0,0.0,0.0,0.0,0.0,0.0,0.0,0.0,800.0,400.0,850.6666666666666,2116.6010488516717,2944.810670494365,338.44591705898813,537.4343939297719,0.0,0.0
2023-07-04,1440.0,0.0,0.0,7,4,0,0,0.0,5600.0,0.0,0.0,0.0,3200.0,1440.0,33740.0,13600.0,0,1,0,0,0,0,0,0.0,0.0,5600.0,0.0,0.0,0.0,0.0,800.0,400.0,850.6666666666666,2116.6010488516717,2944.810670494365,253.8344377942411,502.76120722462537,0.0,0.0
2023-07-05,0.0,2640.0,0.0,7,5,0,0,1440.0,0.0,0.0,0.0,0.0,4250.0,0.0,15800.0,14450.0,0,0,1,0,0,0,0,0.0,0.0,0.0,0.0,0.0,0.0,480.0,205.71428571428572,502.85714285714283,898.6666666666666,544.268841133283,2942.201537124449,550.3758283456808,563.2282261133593,0.0,0.0
2023-07-06,0.0,11900.0,7140.0,7,6,0,0,0.0,0.0,0.0,0.0,8500.0,0.0,2640.0,36680.0,18670.0,0,0,0,1,0,0,0,1440.0,0.0,0.0,0.0,0.0,5300.0,480.0,205.71428571428572,502.85714285714283,898.6666666666666,544.268841133283,2942.201537124449,412.7818712592606,526.89092120282,0.0,0.0
2023-07-07,0.0,11900.0,0.0,7,7,1,0,0.0,0.0,0.0,7140.0,1850.0,22070.0,11900.0,0.0,3600.0,0,0,0,0,1,0,0,0.0,1440.0,0.0,0.0,0.0,14620.0,480.0,205.71428571428572,502.85714285714283,898.6666666666666,544.268841133283,2942.201537124449,309.5864034444454,492.89795854457356,0.0,0.0
2023-07-08,0.0,26400.0,0.0,7,8,1,0,0.0,0.0,5300.0,0.0,0.0,0.0,11900.0,2775.0,16400.0,0,0,0,0,0,1,0,0.0,0.0,0.0,0.0,0.0,0.0,0.0,205.71428571428572,502.85714285714283,898.6666666666666,544.268841133283,2942.201537124449,232.18980258333406,461.0980902513753,0.0,0.0
2023-07-09,0.0,27200.0,0.0,7,9,0,0,0.0,0.0,14620.0,0.0,0.0,0.0,26400.0,7925.0,6659.0,0,0,0,0,0,0,1,0.0,0.0,0.0,0.0,0.0,0.0,0.0,205.71428571428572,502.85714285714283,722.0,544.268841133283,2825.618516360621,174.14235193750054,431.3498263641898,0.0,0.0
2023-07-10,0.0,0.0,9000.0,7,10,0,0,0.0,0.0,0.0,0.0,0.0,0.0,27200.0,1440.0,24150.0,1,0,0,0,0,0,0,0.0,0.0,0.0,0.0,0.0,0.0,0.0,205.71428571428572,502.85714285714283,234.66666666666666,544.268841133283,1046.8597815843577,130.6067639531254,403.5208053084357,0.0,0.0
2023-07-11,0.0,0.0,15640.0,7,11,0,0,0.0,1440.0,0.0,9000.0,0.0,0.0,0.0,0.0,8200.0,0,1,0,0,0,0,0,0.0,0.0,1440.0,5600.0,0.0,0.0,0.0,205.71428571428572,502.85714285714283,234.66666666666666,544.268841133283,1046.8597815843577,97.95507296484405,377.487204965956,0.0,0.0
2023-07-12,0.0,3000.0,14430.0,7,12,0,0,0.0,0.0,0.0,15640.0,0.0,0.0,0.0,2640.0,15450.0,0,0,1,0,0,0,0,0.0,0.0,0.0,0.0,0.0,0.0,0.0,0.0,102.85714285714286,234.66666666666666,0.0,1046.8597815843577,73.46630472363304,353.13319174234596,0.0,0.0
2023-07-13,0.0,0.0,14800.0,7,13,0,0,0.0,0.0,0.0,14430.0,7140.0,16030.0,3000.0,11900.0,14250.0,0,0,0,1,0,0,0,0.0,0.0,0.0,0.0,0.0,0.0,0.0,0.0,102.85714285714286,234.66666666666666,0.0,1046.8597815843577,55.09972854272478,330.3504051783237,0.0,0.0
2023-07-14,0.0,14860.0,10400.0,7,14,1,0,0.0,0.0,0.0,14800.0,0.0,0.0,0.0,11900.0,2500.0,0,0,0,0,1,0,0,0.0,0.0,0.0,0.0,0.0,0.0,0.0,0.0,102.85714285714286,234.66666666666666,0.0,1046.8597815843577,41.324796407043586,309.03747581198024,0.0,0.0
2023-07-17,0.0,0.0,16375.0,7,17,0,0,0.0,0.0,0.0,10400.0,0.0,0.0,14860.0,26400.0,9680.0,1,0,0,0,0,0,0,0.0,0.0,0.0,0.0,0.0,0.0,0.0,0.0,102.85714285714286,234.66666666666666,0.0,1046.8597815843577,30.99359730528269,289.0995741466912,0.0,0.0
2023-07-18,0.0,0.0,14500.0,7,18,0,0,0.0,0.0,0.0,16375.0,0.0,12220.0,0.0,27200.0,14400.0,0,1,0,0,0,0,0,0.0,0.0,0.0,0.0,0.0,0.0,0.0,0.0,102.85714285714286,234.66666666666666,0.0,1046.8597815843577,23.24519797896202,270.4479887178725,0.0,0.0
2023-07-19,0.0,2500.0,12025.0,7,19,0,0,0.0,0.0,0.0,14500.0,9000.0,0.0,0.0,0.0,17950.0,0,0,1,0,0,0,0,0.0,0.0,0.0,0.0,0.0,0.0,0.0,0.0,102.85714285714286,234.66666666666666,0.0,1046.8597815843577,17.433898484221515,252.99973138123556,0.0,0.0
2023-07-20,0.0,8500.0,11200.0,7,20,0,0,0.0,0.0,0.0,12025.0,15640.0,0.0,2500.0,0.0,8420.0,0,0,0,1,0,0,0,0.0,0.0,0.0,1440.0,5600.0,0.0,0.0,0.0,102.85714285714286,234.66666666666666,0.0,1046.8597815843577,13.075423863166137,236.67716806631717,0.0,0.0
2023-07-21,0.0,0.0,8800.0,7,21,1,0,0.0,0.0,0.0,11200.0,14430.0,0.0,8500.0,3000.0,28100.0,0,0,0,0,1,0,0,0.0,0.0,0.0,0.0,0.0,0.0,0.0,0.0,0.0,234.66666666666666,0.0,1046.8597815843577,9.806567897374602,221.40767335236123,0.0,0.0
2023-07-24,0.0,0.0,5950.0,7,24,0,0,0.0,0.0,0.0,8800.0,14800.0,12970.0,0.0,0.0,22100.0,1,0,0,0,0,0,0,0.0,0.0,0.0,0.0,0.0,0.0,0.0,0.0,0.0,234.66666666666666,0.0,1046.8597815843577,7.354925923030952,207.12330732962826,0.0,0.0
2023-07-25,0.0,0.0,5850.0,7,25,0,0,0.0,0.0,0.0,5950.0,10400.0,1850.0,0.0,14860.0,10000.0,0,1,0,0,0,0,0,0.0,0.0,0.0,0.0,0.0,0.0,0.0,0.0,0.0,234.66666666666666,0.0,1046.8597815843577,5.516194442273214,193.76051330836194,0.0,0.0
2023-07-26,0.0,0.0,5900.0,7,26,0,0,0.0,0.0,0.0,5850.0,16375.0,0.0,0.0,0.0,25250.0,0,0,1,0,0,0,0,0.0,0.0,0.0,0.0,0.0,0.0,0.0,0.0,0.0,234.66666666666666,0.0,1046.8597815843577,4.137145831704911,181.2598350304031,0.0,0.0
2023-07-27,0.0,0.0,5510.0,7,27,0,0,0.0,0.0,0.0,5900.0,14500.0,34745.0,0.0,0.0,0.0,0,0,0,1,0,0,0,0.0,0.0,0.0,0.0,0.0,0.0,0.0,0.0,0.0,234.66666666666666,0.0,1046.8597815843577,3.102859373778683,169.56565212521582,0.0,0.0
2023-07-28,0.0,0.0,4760.0,7,28,1,0,0.0,0.0,0.0,5510.0,12025.0,4590.0,0.0,2500.0,8000.0,0,0,0,0,1,0,0,0.0,0.0,0.0,0.0,0.0,0.0,0.0,0.0,0.0,234.66666666666666,0.0,1046.8597815843577,2.3271445303340124,158.62593263326642,0.0,0.0
2023-07-30,0.0,0.0,2000.0,7,30,0,0,0.0,0.0,0.0,4760.0,11200.0,5270.0,0.0,8500.0,28080.0,0,0,0,0,0,0,1,0.0,0.0,0.0,0.0,1440.0,5600.0,0.0,0.0,0.0,234.66666666666666,0.0,1046.8597815843577,1.7453583977505094,148.39200149563632,0.0,0.0
2023-07-31,7200.0,0.0,6000.0,7,31,0,0,0.0,0.0,0.0,2000.0,8800.0,5100.0,0.0,0.0,33500.0,1,0,0,0,0,0,0,0.0,0.0,0.0,0.0,0.0,0.0,0.0,0.0,0.0,234.66666666666666,0.0,1046.8597815843577,1.309018798312882,138.81832397978883,0.0,0.0
2023-08-01,0.0,0.0,6240.0,8,1,0,0,7200.0,0.0,5600.0,6000.0,5950.0,0.0,0.0,0.0,33740.0,0,1,0,0,0,0,0,0.0,0.0,0.0,0.0,0.0,0.0,2400.0,1028.5714285714287,514.2857142857143,474.6666666666667,2721.3442056664353,1645.4152255184144,1800.9817640987346,594.378432110125,0.0,0.0
2023-08-02,7200.0,0.0,6000.0,8,2,0,0,0.0,0.0,0.0,6240.0,5850.0,0.0,0.0,0.0,15800.0,0,0,1,0,0,0,0,7200.0,0.0,0.0,0.0,0.0,0.0,2400.0,1028.5714285714287,514.2857142857143,288.0,2721.3442056664353,1331.6476700844628,1350.736323074051,556.031436490117,0.0,0.0
2023-08-03,0.0,0.0,6480.0,8,3,0,0,7200.0,0.0,0.0,6000.0,5900.0,8500.0,0.0,0.0,36680.0,0,0,0,1,0,0,0,0.0,7200.0,0.0,0.0,0.0,0.0,4800.0,2057.1428571428573,1028.5714285714287,528.0,3513.240262614719,1832.5606731264463,2813.052242305538,984.6745696197869,0.0,0.0
2023-08-04,0.0,2000.0,3750.0,8,4,1,0,0.0,0.0,0.0,6480.0,5510.0,1850.0,0.0,0.0,0.0,0,0,0,0,1,0,0,7200.0,0.0,0.0,0.0,0.0,0.0,2400.0,2057.1428571428573,1028.5714285714287,528.0,3513.240262614719,1832.5606731264463,2109.789181729154,921.1471780314135,0.0,0.0
2023-08-06,0.0,6000.0,0.0,8,6,0,0,0.0,0.0,0.0,3750.0,4760.0,0.0,2000.0,0.0,2775.0,0,0,0,0,0,0,1,0.0,7200.0,0.0,0.0,0.0,0.0,2400.0,2057.1428571428573,1028.5714285714287,528.0,3513.240262614719,1832.5606731264463,1582.3418862968654,861.7183278358385,0.0,0.0
2023-08-07,0.0,0.0,2960.0,8,7,0,0,0.0,0.0,0.0,0.0,2000.0,0.0,6000.0,0.0,7925.0,1,0,0,0,0,0,0,0.0,0.0,0.0,0.0,0.0,1440.0,0.0,2057.1428571428573,1028.5714285714287,528.0,3513.240262614719,1832.5606731264463,1186.756414722649,806.1235970077199,0.0,0.0
2023-08-09,8450.0,0.0,0.0,8,9,0,0,0.0,7200.0,0.0,2960.0,6000.0,0.0,0.0,0.0,1440.0,0,0,1,0,0,0,0,0.0,0.0,7200.0,0.0,0.0,0.0,0.0,2057.1428571428573,1028.5714285714287,528.0,3513.240262614719,1832.5606731264463,890.0673110419867,754.1156230072219,0.0,0.0
2023-08-10,0.0,0.0,6290.0,8,10,0,0,8450.0,0.0,1440.0,0.0,6240.0,0.0,0.0,0.0,0.0,0,0,0,1,0,0,0,0.0,0.0,0.0,0.0,0.0,0.0,2816.6666666666665,2235.714285714286,1632.142857142857,809.6666666666666,3835.2221019686162,2330.3788109015345,2780.05048328149,1250.6242924906269,0.0,0.0
2023-08-11,0.0,0.0,2000.0,8,11,1,0,0.0,7200.0,0.0,6290.0,6000.0,0.0,0.0,0.0,2640.0,0,0,0,0,1,0,0,8450.0,0.0,7200.0,0.0,0.0,0.0,2816.6666666666665,2235.714285714286,1632.142857142857,761.6666666666666,3835.2221019686162,2331.777601232415,2085.0378624611176,1169.9388542654253,0.0,0.0
2023-08-12,0.0,0.0,2500.0,8,12,1,0,0.0,0.0,0.0,2000.0,6480.0,7140.0,0.0,0.0,11900.0,0,0,0,0,0,1,0,0.0,8450.0,0.0,0.0,0.0,0.0,2816.6666666666665,1207.142857142857,1632.142857142857,761.6666666666666,3193.79979692797,2331.777601232415,1563.7783968458382,1094.458928183785,0.0,0.0
2023-08-13,0.0,6750.0,0.0,8,13,0,0,0.0,0.0,0.0,2500.0,3750.0,0.0,0.0,2000.0,11900.0,0,0,0,0,0,0,1,0.0,0.0,0.0,0.0,0.0,0.0,0.0,1207.142857142857,1632.142857142857,761.6666666666666,3193.79979692797,2331.777601232415,1172.8337976343787,1023.8486747525732,0.0,0.0
2023-08-14,0.0,0.0,8300.0,8,14,0,0,0.0,0.0,0.0,0.0,0.0,0.0,6750.0,6000.0,26400.0,1,0,0,0,0,0,0,0.0,0.0,0.0,0.0,0.0,0.0,0.0,1207.142857142857,1632.142857142857,761.6666666666666,3193.79979692797,2331.777601232415,879.625348225784,957.7939215427298,0.0,0.0
2023-08-15,0.0,6500.0,0.0,8,15,0,0,0.0,0.0,0.0,8300.0,2960.0,0.0,0.0,0.0,27200.0,0,1,0,0,0,0,0,0.0,0.0,0.0,0.0,0.0,0.0,0.0,1207.142857142857,1632.142857142857,761.6666666666666,3193.79979692797,2331.777601232415,659.719011169338,896.0007653141666,0.0,0.0
2023-08-16,0.0,0.0,0.0,8,16,0,0,0.0,8450.0,0.0,0.0,0.0,9000.0,6500.0,0.0,0.0,0,0,1,0,0,0,0,0.0,0.0,8450.0,7200.0,0.0,0.0,0.0,1207.142857142857,1632.142857142857,761.6666666666666,3193.79979692797,2331.777601232415,494.78925837700353,838.1942643261559,0.0,0.0
2023-08-17,0.0,0.0,4375.0,8,17,0,0,0.0,0.0,0.0,0.0,6290.0,15640.0,0.0,0.0,0.0,0,0,0,1,0,0,0,0.0,0.0,0.0,0.0,0.0,0.0,0.0,0.0,1117.857142857143,761.6666666666666,0.0,2331.777601232415,371.09194378275265,784.1172150147911,0.0,0.0
2023-08-21,0.0,0.0,4625.0,8,21,0,0,0.0,0.0,0.0,4375.0,2000.0,14430.0,0.0,0.0,3000.0,1,0,0,0,0,0,0,0.0,0.0,0.0,7200.0,0.0,0.0,0.0,0.0,1117.857142857143,761.6666666666666,0.0,2331.777601232415,278.3189578370645,733.5290075944821,0.0,0.0
2023-08-23,0.0,0.0,10235.0,8,23,0,0,0.0,0.0,0.0,4625.0,2500.0,14800.0,0.0,0.0,0.0,0,0,1,0,0,0,0,0.0,0.0,0.0,0.0,0.0,0.0,0.0,0.0,603.5714285714286,761.6666666666666,0.0,2331.777601232415,208.73921837779835,686.2045554916123,0.0,0.0
2023-08-24,0.0,0.0,10235.0,8,24,0,0,0.0,0.0,0.0,10235.0,0.0,10400.0,0.0,6750.0,14860.0,0,0,0,1,0,0,0,0.0,0.0,0.0,0.0,0.0,0.0,0.0,0.0,603.5714285714286,761.6666666666666,0.0,2331.777601232415,156.55441378334876,641.9332938469921,0.0,0.0
2023-08-25,0.0,0.0,0.0,8,25,1,0,0.0,0.0,0.0,10235.0,8300.0,16375.0,0.0,0.0,0.0,0,0,0,0,1,0,0,0.0,0.0,0.0,0.0,0.0,0.0,0.0,0.0,603.5714285714286,761.6666666666666,0.0,2331.777601232415,117.41581033751157,600.5182426310572,0.0,0.0
2023-08-26,0.0,11200.0,0.0,8,26,1,0,0.0,0.0,0.0,0.0,0.0,14500.0,0.0,6500.0,0.0,0,0,0,0,0,1,0,0.0,0.0,0.0,0.0,0.0,0.0,0.0,0.0,603.5714285714286,761.6666666666666,0.0,2331.777601232415,88.06185775313368,561.775130203247,0.0,0.0
2023-08-27,0.0,0.0,8400.0,8,27,0,0,0.0,0.0,0.0,0.0,0.0,12025.0,11200.0,0.0,2500.0,0,0,0,0,0,0,1,0.0,0.0,0.0,8450.0,7200.0,0.0,0.0,0.0,603.5714285714286,761.6666666666666,0.0,2331.777601232415,66.04639331485026,525.5315734159408,0.0,0.0
2023-08-28,0.0,0.0,0.0,8,28,0,0,0.0,0.0,0.0,8400.0,4375.0,11200.0,0.0,0.0,8500.0,1,0,0,0,0,0,0,0.0,0.0,0.0,0.0,0.0,0.0,0.0,0.0,0.0,761.6666666666666,0.0,2331.777601232415,49.5347949861377,491.62631061491237,0.0,0.0
2023-08-29,0.0,4950.0,0.0,8,29,0,0,0.0,0.0,0.0,0.0,4625.0,8800.0,0.0,0.0,0.0,0,1,0,0,0,0,0,0.0,0.0,0.0,0.0,7200.0,0.0,0.0,0.0,0.0,761.6666666666666,0.0,2331.777601232415,37.15109623960328,459.9084841236277,0.0,0.0
2023-08-31,0.0,0.0,8900.0,8,31,0,0,0.0,0.0,0.0,0.0,10235.0,5950.0,4950.0,0.0,0.0,0,0,0,1,0,0,0,0.0,0.0,0.0,0.0,0.0,0.0,0.0,0.0,0.0,761.6666666666666,0.0,2331.777601232415,27.863322179702458,430.2369690188776,0.0,0.0
2023-09-02,0.0,28000.0,0.0,9,2,1,0,0.0,0.0,0.0,8900.0,10235.0,5850.0,0.0,0.0,0.0,0,0,0,0,0,1,0,0.0,0.0,0.0,0.0,0.0,0.0,0.0,0.0,0.0,761.6666666666666,0.0,2331.777601232415,20.89749163477684,402.47974521120807,0.0,0.0
2023-09-03,0.0,0.0,723.0,9,3,0,0,0.0,0.0,0.0,0.0,0.0,5900.0,28000.0,0.0,0.0,0,0,0,0,0,0,1,0.0,0.0,0.0,0.0,0.0,0.0,0.0,0.0,0.0,761.6666666666666,0.0,2331.777601232415,15.673118726082631,376.51331003629144,0.0,0.0
2023-09-04,0.0,6020.0,0.0,9,4,0,0,0.0,0.0,0.0,723.0,0.0,5510.0,0.0,11200.0,0.0,1,0,0,0,0,0,0,0.0,0.0,0.0,0.0,0.0,0.0,0.0,0.0,0.0,761.6666666666666,0.0,2331.777601232415,11.754839044561972,352.2221287436275,0.0,0.0
2023-09-05,0.0,15720.0,300.0,9,5,0,0,0.0,0.0,0.0,0.0,8400.0,4760.0,6020.0,0.0,0.0,0,1,0,0,0,0,0,0.0,0.0,0.0,0.0,8450.0,7200.0,0.0,0.0,0.0,761.6666666666666,0.0,2331.777601232415,8.816129283421478,329.49812043758703,0.0,0.0
2023-09-06,0.0,1870.0,0.0,9,6,0,0,0.0,0.0,0.0,300.0,0.0,2000.0,15720.0,0.0,0.0,0,0,1,0,0,0,0,0.0,0.0,0.0,0.0,0.0,0.0,0.0,0.0,0.0,761.6666666666666,0.0,2331.777601232415,6.612096962566109,308.2401771835492,0.0,0.0
2023-09-07,0.0,5940.0,0.0,9,7,0,0,0.0,0.0,7200.0,0.0,0.0,6000.0,1870.0,4950.0,0.0,0,0,0,1,0,0,0,0.0,0.0,0.0,0.0,0.0,7200.0,0.0,0.0,0.0,761.6666666666666,0.0,2331.777601232415,4.959072721924581,288.35371413944927,0.0,0.0
2023-09-08,0.0,14830.0,0.0,9,8,1,0,0.0,0.0,0.0,0.0,8900.0,6240.0,5940.0,0.0,0.0,0,0,0,0,1,0,0,0.0,0.0,0.0,0.0,0.0,0.0,0.0,0.0,0.0,521.6666666666666,0.0,1992.0394735967998,3.719304541443436,269.7502487110977,0.0,0.0
2023-09-11,0.0,14660.0,0.0,9,11,0,0,0.0,0.0,7200.0,0.0,0.0,6000.0,14830.0,28000.0,0.0,1,0,0,0,0,0,0,0.0,0.0,0.0,0.0,0.0,0.0,0.0,0.0,0.0,521.6666666666666,0.0,1992.0394735967998,2.7894784060825772,252.34700685876882,0.0,0.0
2023-09-12,0.0,29495.0,0.0,9,12,0,0,0.0,0.0,0.0,0.0,723.0,6480.0,14660.0,0.0,0.0,0,1,0,0,0,0,0,0.0,0.0,0.0,0.0,0.0,0.0,0.0,0.0,0.0,281.6666666666667,0.0,1542.7518703062176,2.092108804561933,236.0665548033644,0.0,0.0
2023-09-13,0.0,27920.0,0.0,9,13,0,0,0.0,0.0,0.0,0.0,0.0,3750.0,29495.0,6020.0,2000.0,0,0,1,0,0,0,0,0.0,0.0,0.0,0.0,0.0,0.0,0.0,0.0,0.0,281.6666666666667,0.0,1542.7518703062176,1.5690816034214499,220.83645449346994,0.0,0.0
2023-09-14,0.0,14050.0,0.0,9,14,0,0,0.0,0.0,0.0,0.0,300.0,0.0,27920.0,15720.0,6000.0,0,0,0,1,0,0,0,0.0,0.0,0.0,0.0,0.0,8450.0,0.0,0.0,0.0,281.6666666666667,0.0,1542.7518703062176,1.1768112025660873,206.58894130034287,0.0,0.0
2023-09-15,0.0,21550.0,0.0,9,15,1,0,0.0,0.0,0.0,0.0,0.0,2960.0,14050.0,1870.0,0.0,0,0,0,0,1,0,0,0.0,0.0,0.0,0.0,0.0,0.0,0.0,0.0,0.0,281.6666666666667,0.0,1542.7518703062176,0.8826084019245655,193.26062250677236,0.0,0.0
2023-09-16,0.0,13050.0,0.0,9,16,1,0,0.0,0.0,8450.0,0.0,0.0,0.0,21550.0,5940.0,0.0,0,0,0,0,0,1,0,0.0,0.0,0.0,0.0,0.0,0.0,0.0,0.0,0.0,281.6666666666667,0.0,1542.7518703062176,0.6619563014434241,180.79219524827093,0.0,0.0
2023-09-17,0.0,17500.0,0.0,9,17,0,0,0.0,0.0,0.0,0.0,0.0,6290.0,13050.0,14830.0,0.0,0,0,0,0,0,0,1,0.0,0.0,0.0,0.0,0.0,0.0,0.0,0.0,0.0,0.0,0.0,0.0,0.4964672260825681,169.12818265160828,0.0,0.0
2023-09-18,0.0,2500.0,0.0,9,18,0,0,0.0,0.0,0.0,0.0,0.0,2000.0,17500.0,14660.0,0.0,1,0,0,0,0,0,0,0.0,0.0,0.0,0.0,0.0,0.0,0.0,0.0,0.0,0.0,0.0,0.0,0.37235041956192605,158.21668699666583,0.0,0.0
2023-09-19,0.0,0.0,17295.0,9,19,0,0,0.0,0.0,0.0,0.0,0.0,2500.0,2500.0,29495.0,0.0,0,1,0,0,0,0,0,0.0,0.0,0.0,0.0,0.0,0.0,0.0,0.0,0.0,0.0,0.0,0.0,0.27926281467144454,148.00915880333255,0.0,0.0
2023-09-20,0.0,22885.0,0.0,9,20,0,0,0.0,0.0,0.0,17295.0,0.0,0.0,0.0,27920.0,6750.0,0,0,1,0,0,0,0,0.0,0.0,0.0,0.0,0.0,0.0,0.0,0.0,0.0,0.0,0.0,0.0,0.2094471110035834,138.4601808160208,0.0,0.0
2023-09-21,0.0,51680.0,0.0,9,21,0,0,0.0,0.0,0.0,0.0,0.0,8300.0,22885.0,14050.0,0.0,0,0,0,1,0,0,0,0.0,0.0,0.0,0.0,0.0,0.0,0.0,0.0,0.0,0.0,0.0,0.0,0.15708533325268756,129.52726592466462,0.0,0.0
2023-09-22,0.0,79510.0,0.0,9,22,1,0,0.0,0.0,0.0,0.0,0.0,0.0,51680.0,21550.0,6500.0,0,0,0,0,1,0,0,0.0,0.0,0.0,0.0,0.0,0.0,0.0,0.0,0.0,0.0,0.0,0.0,0.11781399993951566,121.17066812307336,0.0,0.0
2023-09-23,0.0,7050.0,0.0,9,23,1,0,0.0,0.0,0.0,0.0,0.0,0.0,79510.0,13050.0,0.0,0,0,0,0,0,1,0,0.0,0.0,0.0,0.0,0.0,0.0,0.0,0.0,0.0,0.0,0.0,0.0,0.08836049995463674,113.35320566352024,0.0,0.0
2023-09-24,0.0,13600.0,0.0,9,24,0,0,0.0,0.0,0.0,0.0,0.0,4375.0,7050.0,17500.0,0.0,0,0,0,0,0,0,1,0.0,0.0,0.0,0.0,0.0,0.0,0.0,0.0,0.0,0.0,0.0,0.0,0.06627037496597755,106.04009562071249,0.0,0.0
2023-09-25,0.0,7200.0,0.0,9,25,0,0,0.0,0.0,0.0,0.0,0.0,4625.0,13600.0,2500.0,0.0,1,0,0,0,0,0,0,0.0,0.0,0.0,0.0,0.0,0.0,0.0,0.0,0.0,0.0,0.0,0.0,0.04970278122448317,99.19879912905363,0.0,0.0
2023-09-26,0.0,31650.0,0.0,9,26,0,0,0.0,0.0,0.0,0.0,17295.0,10235.0,7200.0,0.0,0.0,0,1,0,0,0,0,0,0.0,0.0,0.0,0.0,0.0,0.0,0.0,0.0,0.0,0.0,0.0,0.0,0.037277085918362374,92.79887660459856,0.0,0.0
2023-09-27,0.0,24940.0,0.0,9,27,0,0,0.0,0.0,0.0,0.0,0.0,10235.0,31650.0,22885.0,0.0,0,0,1,0,0,0,0,0.0,0.0,0.0,0.0,0.0,0.0,0.0,0.0,0.0,0.0,0.0,0.0,0.02795781443877178,86.81185230752769,0.0,0.0
2023-09-28,0.0,37390.0,0.0,9,28,0,0,0.0,0.0,0.0,0.0,0.0,0.0,24940.0,51680.0,0.0,0,0,0,1,0,0,0,0.0,0.0,0.0,0.0,0.0,0.0,0.0,0.0,0.0,0.0,0.0,0.0,0.020968360829078835,81.21108764252591,0.0,0.0
2023-09-29,0.0,3500.0,8280.0,9,29,1,0,0.0,0.0,0.0,0.0,0.0,0.0,37390.0,79510.0,11200.0,0,0,0,0,1,0,0,0.0,0.0,0.0,0.0,0.0,0.0,0.0,0.0,0.0,0.0,0.0,0.0,0.015726270621809126,75.9716626333307,0.0,0.0
2023-09-30,0.0,29250.0,0.0,9,30,1,0,0.0,0.0,0.0,8280.0,0.0,8400.0,3500.0,7050.0,0.0,0,0,0,0,0,1,0,0.0,0.0,0.0,0.0,0.0,0.0,0.0,0.0,0.0,0.0,0.0,0.0,0.011794702966356844,71.07026504408356,0.0,0.0
2023-10-03,0.0,15550.0,0.0,10,3,0,0,0.0,0.0,0.0,0.0,0.0,0.0,29250.0,13600.0,0.0,0,1,0,0,0,0,0,0.0,0.0,0.0,0.0,0.0,0.0,0.0,0.0,0.0,0.0,0.0,0.0,0.008846027224767633,66.48508665414269,0.0,0.0
2023-10-04,0.0,22300.0,0.0,10,4,0,0,0.0,0.0,0.0,0.0,0.0,0.0,15550.0,7200.0,4950.0,0,0,1,0,0,0,0,0.0,0.0,0.0,0.0,0.0,0.0,0.0,0.0,0.0,0.0,0.0,0.0,0.006634520418575724,62.19572622484316,0.0,0.0
2023-10-05,0.0,64100.0,0.0,10,5,0,0,0.0,0.0,0.0,0.0,0.0,8900.0,22300.0,31650.0,0.0,0,0,0,1,0,0,0,0.0,0.0,0.0,0.0,0.0,0.0,0.0,0.0,0.0,0.0,0.0,0.0,0.004975890313931793,58.18309872646619,0.0,0.0
2023-10-06,0.0,17650.0,0.0,10,6,1,0,0.0,0.0,0.0,0.0,0.0,0.0,64100.0,24940.0,28000.0,0,0,0,0,1,0,0,0.0,0.0,0.0,0.0,0.0,0.0,0.0,0.0,0.0,0.0,0.0,0.0,0.0037319177354488446,54.429350421532895,0.0,0.0
2023-10-09,0.0,0.0,6500.0,10,9,0,0,0.0,0.0,0.0,0.0,0.0,723.0,17650.0,37390.0,0.0,1,0,0,0,0,0,0,0.0,0.0,0.0,0.0,0.0,0.0,0.0,0.0,0.0,0.0,0.0,0.0,0.0027989383015866332,50.917779426595295,0.0,0.0
2023-10-10,0.0,9000.0,5760.0,10,10,0,0,0.0,0.0,0.0,6500.0,8280.0,0.0,0.0,3500.0,6020.0,0,1,0,0,0,0,0,0.0,0.0,0.0,0.0,0.0,0.0,0.0,0.0,0.0,0.0,0.0,0.0,0.002099203726189975,47.63276139907302,0.0,0.0
2023-10-11,11300.0,10425.0,3600.0,10,11,0,0,0.0,0.0,0.0,5760.0,0.0,300.0,9000.0,29250.0,15720.0,0,0,1,0,0,0,0,0.0,0.0,0.0,0.0,0.0,0.0,0.0,0.0,0.0,0.0,0.0,0.0,0.001574402794642481,44.55968001848767,0.0,0.0
2023-10-12,0.0,6500.0,3400.0,10,12,0,0,11300.0,0.0,0.0,3600.0,0.0,0.0,10425.0,15550.0,1870.0,0,0,0,1,0,0,0,0.0,0.0,0.0,0.0,0.0,0.0,3766.6666666666665,1614.2857142857142,807.1428571428571,376.6666666666667,4270.998545004268,2063.0882999361256,2825.001180802096,770.7171200172949,0.0,0.0
2023-10-13,0.0,31900.0,0.0,10,13,1,0,0.0,0.0,0.0,3400.0,0.0,0.0,6500.0,22300.0,5940.0,0,0,0,0,1,0,0,11300.0,0.0,0.0,0.0,0.0,0.0,3766.6666666666665,1614.2857142857142,807.1428571428571,376.6666666666667,4270.998545004268,2063.0882999361256,2118.750885601572,720.9934348548887,0.0,0.0
2023-10-14,0.0,15820.0,0.0,10,14,1,0,0.0,0.0,0.0,0.0,0.0,0.0,31900.0,64100.0,14830.0,0,0,0,0,0,1,0,0.0,11300.0,0.0,0.0,0.0,0.0,3766.6666666666665,1614.2857142857142,807.1428571428571,376.6666666666667,4270.998545004268,2063.0882999361256,1589.063164201179,674.4777293803799,0.0,0.0
2023-10-15,1140.0,0.0,22250.0,10,15,0,0,0.0,0.0,0.0,0.0,0.0,0.0,15820.0,17650.0,14660.0,0,0,0,0,0,0,1,0.0,0.0,0.0,0.0,0.0,0.0,0.0,1614.2857142857142,807.1428571428571,376.6666666666667,4270.998545004268,2063.0882999361256,1191.7973731508841,630.9630371622909,0.0,0.0
2023-10-16,1000.0,0.0,6500.0,10,16,0,0,1140.0,0.0,0.0,22250.0,6500.0,0.0,0.0,0.0,29495.0,1,0,0,0,0,0,0,0.0,0.0,0.0,0.0,0.0,0.0,380.0,1777.142857142857,888.5714285714286,414.6666666666667,4220.622838261806,2066.407399384227,1178.848029863163,663.8041315389173,0.0,0.0
2023-10-17,500.0,8750.0,0.0,10,17,0,0,1000.0,0.0,0.0,6500.0,5760.0,0.0,0.0,9000.0,27920.0,0,1,0,0,0,0,0,1140.0,0.0,0.0,0.0,0.0,0.0,713.3333333333334,1920.0,960.0,448.0,4167.0293175514535,2067.55294307396,1134.1360223973722,685.4941875686646,0.0,0.0
2023-10-18,0.0,13570.0,0.0,10,18,0,0,500.0,11300.0,0.0,0.0,3600.0,0.0,8750.0,10425.0,14050.0,0,0,1,0,0,0,0,1000.0,1140.0,11300.0,0.0,0.0,0.0,880.0,1991.4285714285713,995.7142857142857,464.6666666666667,4132.777228335398,2065.8316073400215,975.6020167980291,673.5268206287508,0.0,0.0
2023-10-19,0.0,21000.0,0.0,10,19,0,0,0.0,0.0,0.0,0.0,3400.0,0.0,13570.0,6500.0,21550.0,0,0,0,1,0,0,0,500.0,1000.0,0.0,0.0,0.0,0.0,500.0,377.14285714285717,995.7142857142857,464.6666666666667,508.91106903904983,2065.8316073400215,731.7015125985218,630.0734773623798,0.0,0.0
2023-10-20,0.0,13950.0,0.0,10,20,1,0,0.0,0.0,0.0,0.0,0.0,0.0,21000.0,31900.0,13050.0,0,0,0,0,1,0,0,0.0,500.0,0.0,0.0,0.0,0.0,166.66666666666666,377.14285714285717,995.7142857142857,464.6666666666667,508.91106903904983,2065.8316073400215,548.7761344488914,589.423575597065,0.0,0.0
2023-10-21,0.0,13000.0,0.0,10,21,1,0,0.0,0.0,0.0,0.0,0.0,0.0,13950.0,15820.0,17500.0,0,0,0,0,0,1,0,0.0,0.0,0.0,0.0,0.0,0.0,0.0,377.14285714285717,995.7142857142857,464.6666666666667,508.91106903904983,2065.8316073400215,411.5821008366686,551.3962481391899,0.0,0.0
2023-10-22,0.0,26350.0,0.0,10,22,0,0,0.0,1140.0,0.0,0.0,22250.0,0.0,13000.0,0.0,2500.0,0,0,0,0,0,0,1,0.0,0.0,1140.0,0.0,0.0,0.0,0.0,377.14285714285717,995.7142857142857,464.6666666666667,508.91106903904983,2065.8316073400215,308.68657562750144,515.8222966463389,0.0,0.0
2023-10-23,0.0,19130.0,0.0,10,23,0,0,0.0,1000.0,0.0,0.0,6500.0,17295.0,26350.0,0.0,0.0,1,0,0,0,0,0,0,0.0,0.0,1000.0,0.0,0.0,0.0,0.0,214.28571428571428,995.7142857142857,464.6666666666667,393.3978962347112,2065.8316073400215,231.51493172062607,482.54343879818805,0.0,0.0
2023-10-24,3200.0,0.0,26860.0,10,24,0,0,0.0,500.0,0.0,0.0,0.0,0.0,19130.0,8750.0,22885.0,0,1,0,0,0,0,0,0.0,0.0,500.0,0.0,0.0,0.0,0.0,71.42857142857143,995.7142857142857,464.6666666666667,188.98223650459073,2065.8316073400215,173.63619879046956,451.4116040370146,0.0,0.0
2023-10-25,28900.0,0.0,0.0,10,25,0,0,3200.0,0.0,0.0,26860.0,0.0,0.0,0.0,13570.0,51680.0,0,0,1,0,0,0,0,0.0,0.0,0.0,11300.0,0.0,0.0,1066.6666666666667,457.14285714285717,1224.2857142857142,571.3333333333334,1209.486313629524,2122.8392395048686,930.2271490928522,628.7398876475298,0.0,0.0
2023-10-26,14650.0,0.0,690.0,10,26,0,0,28900.0,0.0,0.0,0.0,0.0,0.0,0.0,21000.0,79510.0,0,0,0,1,0,0,0,3200.0,0.0,0.0,0.0,0.0,0.0,10700.0,4585.714285714285,2481.4285714285716,1534.6666666666667,10787.71346971924,5586.416859967875,7922.670361819639,2452.6921529605925,0.0,0.0
2023-10-27,0.0,26250.0,11450.0,10,27,1,0,14650.0,0.0,0.0,690.0,0.0,0.0,0.0,13950.0,7050.0,0,0,0,0,1,0,0,28900.0,3200.0,0.0,0.0,0.0,0.0,15583.333333333334,6678.571428571428,3527.8571428571427,2023.0,11164.297900855549,6067.255898503955,9604.502771364729,3239.6152398663608,0.0,0.0
2023-10-28,0.0,9050.0,5650.0,10,28,1,0,0.0,0.0,0.0,11450.0,0.0,0.0,26250.0,13000.0,13600.0,0,0,0,0,0,1,0,14650.0,28900.0,0.0,0.0,0.0,0.0,14516.666666666666,6678.571428571428,3527.8571428571427,2023.0,11164.297900855549,6067.255898503955,7203.3770785235465,3030.607805036273,0.0,0.0
2023-10-29,0.0,0.0,3750.0,10,29,0,0,0.0,0.0,0.0,5650.0,0.0,0.0,9050.0,26350.0,7200.0,0,0,0,0,0,0,1,0.0,14650.0,0.0,1140.0,0.0,0.0,4883.333333333333,6678.571428571428,3527.8571428571427,2023.0,11164.297900855549,6067.255898503955,5402.53280889266,2835.0847208403848,0.0,0.0
2023-10-30,0.0,0.0,10840.0,10,30,0,0,0.0,0.0,0.0,3750.0,0.0,0.0,0.0,19130.0,31650.0,1,0,0,0,0,0,0,0.0,0.0,0.0,1000.0,0.0,0.0,0.0,6678.571428571428,3446.4285714285716,2023.0,11164.297900855549,6067.255898503955,4051.899606669495,2652.1760291732635,0.0,0.0
2023-10-31,4400.0,0.0,29130.0,10,31,0,0,0.0,3200.0,0.0,10840.0,26860.0,0.0,0.0,0.0,24940.0,0,1,0,0,0,0,0,0.0,0.0,3200.0,500.0,0.0,0.0,0.0,6678.571428571428,3375.0,2023.0,11164.297900855549,6067.255898503955,3038.9247050021213,2481.0678982588597,0.0,0.0
2023-11-01,0.0,0.0,16180.0,11,1,0,0,4400.0,28900.0,0.0,29130.0,0.0,0.0,0.0,0.0,37390.0,0,0,1,0,0,0,0,0.0,0.0,28900.0,0.0,11300.0,0.0,1466.6666666666667,6850.0,3653.5714285714284,2169.6666666666665,11111.068055472135,6069.847741846199,3379.1935287515907,2604.8699693389335,0.0,0.0
2023-11-02,0.0,26900.0,36580.0,11,2,0,0,0.0,14650.0,0.0,16180.0,690.0,8280.0,0.0,0.0,3500.0,0,0,0,1,0,0,0,4400.0,0.0,14650.0,0.0,0.0,0.0,1466.6666666666667,2721.4285714285716,3653.5714285714284,2169.6666666666665,5509.677632951642,6069.847741846199,2534.395146563693,2436.8138422848087,0.0,0.0
2023-11-03,10000.0,40000.0,30250.0,11,3,1,0,0.0,0.0,0.0,36580.0,11450.0,0.0,26900.0,26250.0,29250.0,0,0,0,0,1,0,0,0.0,4400.0,0.0,0.0,0.0,0.0,1466.6666666666667,628.5714285714286,3653.5714285714284,2169.6666666666665,1663.0436812405974,6069.847741846199,1900.7963599227696,2279.6000460083696,0.0,0.0
2023-11-04,0.0,28325.0,0.0,11,4,1,0,10000.0,0.0,0.0,30250.0,5650.0,0.0,40000.0,9050.0,15550.0,0,0,0,0,0,1,0,0.0,0.0,0.0,0.0,0.0,0.0,3333.3333333333335,2057.1428571428573,4367.857142857143,2503.0,3867.3234253408996,6219.3297953596475,3925.597269942077,2777.690365620733,0.0,0.0
2023-11-05,0.0,0.0,34700.0,11,5,0,0,0.0,0.0,0.0,0.0,3750.0,0.0,28325.0,0.0,22300.0,0,0,0,0,0,0,1,10000.0,0.0,0.0,0.0,1140.0,0.0,3333.3333333333335,2057.1428571428573,4367.857142857143,2503.0,3867.3234253408996,6219.3297953596475,2944.1979524565577,2598.4845355806856,0.0,0.0
2023-11-06,0.0,0.0,18955.0,11,6,0,0,0.0,0.0,0.0,34700.0,10840.0,0.0,0.0,0.0,64100.0,1,0,0,0,0,0,0,0.0,10000.0,0.0,0.0,1000.0,0.0,3333.3333333333335,2057.1428571428573,4367.857142857143,2503.0,3867.3234253408996,6219.3297953596475,2208.1484643424183,2430.840371994835,0.0,0.0
2023-11-07,12280.0,0.0,0.0,11,7,0,0,0.0,4400.0,0.0,18955.0,29130.0,0.0,0.0,0.0,17650.0,0,1,0,0,0,0,0,0.0,0.0,4400.0,3200.0,500.0,0.0,0.0,2057.1428571428573,4367.857142857143,2503.0,3867.3234253408996,6219.3297953596475,1656.1113482568137,2274.011960898394,0.0,0.0
2023-11-08,0.0,0.0,15395.0,11,8,0,0,12280.0,0.0,0.0,0.0,16180.0,6500.0,0.0,0.0,0.0,0,0,1,0,0,0,0,0.0,0.0,0.0,28900.0,0.0,11300.0,4093.3333333333335,3182.8571428571427,5016.428571428572,2912.3333333333335,5475.465624905685,6448.790147602579,4312.08351119261,2919.5595763243045,0.0,0.0
2023-11-09,0.0,0.0,53060.0,11,9,0,0,0.0,0.0,0.0,15395.0,36580.0,5760.0,0.0,26900.0,9000.0,0,0,0,1,0,0,0,12280.0,0.0,0.0,14650.0,0.0,0.0,4093.3333333333335,3182.8571428571427,2952.1428571428573,2912.3333333333335,5475.465624905685,6448.790147602579,3234.0626333944574,2731.200893980801,0.0,0.0
2023-11-10,0.0,15025.0,0.0,11,10,1,0,0.0,10000.0,11300.0,53060.0,30250.0,3600.0,0.0,40000.0,10425.0,0,0,0,0,1,0,0,0.0,12280.0,10000.0,0.0,0.0,0.0,4093.3333333333335,3182.8571428571427,1905.7142857142858,2912.3333333333335,5475.465624905685,6448.790147602579,2425.5469750458433,2554.994384691717,0.0,0.0
2023-11-11,0.0,33400.0,0.0,11,11,1,0,0.0,0.0,0.0,0.0,0.0,3400.0,15025.0,28325.0,6500.0,0,0,0,0,0,1,0,0.0,0.0,0.0,0.0,0.0,0.0,0.0,1754.2857142857142,1905.7142857142858,2535.6666666666665,4641.40372855331,6269.500163398242,1819.1602312843825,2390.1560372922518,0.0,0.0
2023-11-12,0.0,37500.0,0.0,11,12,0,0,0.0,0.0,0.0,0.0,34700.0,0.0,33400.0,0.0,31900.0,0,0,0,0,0,0,1,0.0,0.0,0.0,0.0,0.0,1140.0,0.0,1754.2857142857142,1905.7142857142858,2535.6666666666665,4641.40372855331,6269.500163398242,1364.3701734632868,2235.952421983074,0.0,0.0
2023-11-13,0.0,0.0,18335.0,11,13,0,0,0.0,0.0,0.0,0.0,18955.0,0.0,37500.0,0.0,15820.0,1,0,0,0,0,0,0,0.0,0.0,0.0,0.0,0.0,1000.0,0.0,1754.2857142857142,1905.7142857142858,2535.6666666666665,4641.40372855331,6269.500163398242,1023.2776300974651,2091.697427016424,0.0,0.0
2023-11-14,0.0,24500.0,25230.0,11,14,0,0,0.0,12280.0,1140.0,18335.0,0.0,22250.0,0.0,0.0,0.0,0,1,0,0,0,0,0,0.0,0.0,12280.0,4400.0,3200.0,500.0,0.0,1754.2857142857142,1905.7142857142858,2535.6666666666665,4641.40372855331,6269.500163398242,767.4582225730989,1956.7492059185904,0.0,0.0
2023-11-15,0.0,29710.0,0.0,11,15,0,0,0.0,0.0,1000.0,25230.0,15395.0,6500.0,24500.0,0.0,0.0,0,0,1,0,0,0,0,0.0,0.0,0.0,0.0,28900.0,0.0,0.0,0.0,1591.4285714285713,2497.6666666666665,0.0,6281.694084776228,575.5936669298242,1830.5073216657781,0.0,0.0
2023-11-16,0.0,22370.0,0.0,11,16,0,0,0.0,0.0,500.0,0.0,53060.0,0.0,29710.0,0.0,8750.0,0,0,0,1,0,0,0,0.0,0.0,0.0,0.0,14650.0,0.0,0.0,0.0,1591.4285714285713,2464.3333333333335,0.0,6292.559198320491,431.6952501973681,1712.4100751066958,0.0,0.0
2023-11-17,0.0,22125.0,0.0,11,17,1,0,0.0,0.0,0.0,0.0,0.0,0.0,22370.0,15025.0,13570.0,0,0,0,0,1,0,0,0.0,0.0,0.0,10000.0,0.0,0.0,0.0,0.0,1591.4285714285713,2447.6666666666665,0.0,6298.600656485935,323.7714376480261,1601.9320057449736,0.0,0.0
2023-11-18,0.0,14900.0,0.0,11,18,1,0,0.0,0.0,0.0,0.0,0.0,0.0,22125.0,33400.0,21000.0,0,0,0,0,0,1,0,0.0,0.0,0.0,0.0,0.0,0.0,0.0,0.0,877.1428571428571,2447.6666666666665,0.0,6298.600656485935,242.82857823601958,1498.581553761427,0.0,0.0
2023-11-19,0.0,0.0,12250.0,11,19,0,0,0.0,0.0,0.0,0.0,0.0,0.0,14900.0,37500.0,13950.0,0,0,0,0,0,0,1,0.0,0.0,0.0,0.0,0.0,0.0,0.0,0.0,877.1428571428571,2447.6666666666665,0.0,6298.600656485935,182.1214336770147,1401.898872873593,0.0,0.0
2023-11-20,0.0,4737.5,0.0,11,20,0,0,0.0,0.0,0.0,12250.0,18335.0,0.0,0.0,0.0,13000.0,1,0,0,0,0,0,0,0.0,0.0,0.0,0.0,0.0,0.0,0.0,0.0,877.1428571428571,2447.6666666666665,0.0,6298.600656485935,136.59107525776102,1311.4537843011033,0.0,0.0
2023-11-21,0.0,35665.0,0.0,11,21,0,0,0.0,0.0,0.0,0.0,25230.0,0.0,4737.5,24500.0,26350.0,0,1,0,0,0,0,0,0.0,0.0,0.0,12280.0,4400.0,3200.0,0.0,0.0,877.1428571428571,2447.6666666666665,0.0,6298.600656485935,102.44330644332076,1226.8438627332903,0.0,0.0
2023-11-22,0.0,0.0,16175.0,11,22,0,0,0.0,0.0,0.0,0.0,0.0,0.0,35665.0,29710.0,19130.0,0,0,1,0,0,0,0,0.0,0.0,0.0,0.0,0.0,28900.0,0.0,0.0,0.0,2447.6666666666665,0.0,6298.600656485935,76.83247983249058,1147.6926457827556,0.0,0.0
2023-11-23,0.0,20705.0,0.0,11,23,0,0,0.0,0.0,3200.0,16175.0,0.0,26860.0,0.0,22370.0,0.0,0,0,0,1,0,0,0,0.0,0.0,0.0,0.0,0.0,14650.0,0.0,0.0,0.0,2447.6666666666665,0.0,6298.600656485935,57.62435987436793,1073.6479589580617,0.0,0.0
2023-11-24,0.0,21700.0,0.0,11,24,1,0,0.0,0.0,28900.0,0.0,0.0,0.0,20705.0,22125.0,0.0,0,0,0,0,1,0,0,0.0,0.0,0.0,0.0,10000.0,0.0,0.0,0.0,0.0,2341.0,0.0,6312.501198361102,43.21826990577595,1004.380348702703,0.0,0.0
2023-11-25,0.0,20400.0,0.0,11,25,1,0,0.0,0.0,14650.0,0.0,0.0,690.0,21700.0,14900.0,0.0,0,0,0,0,0,1,0,0.0,0.0,0.0,0.0,0.0,0.0,0.0,0.0,0.0,1377.6666666666667,0.0,3840.985580535946,32.41370242933196,939.5816165283352,0.0,0.0
2023-11-26,0.0,1200.0,0.0,11,26,0,0,0.0,0.0,0.0,0.0,12250.0,11450.0,20400.0,0.0,26250.0,0,0,0,0,0,0,1,0.0,0.0,0.0,0.0,0.0,0.0,0.0,0.0,0.0,889.3333333333334,0.0,2915.0677916448285,24.310276821998972,878.9634477200556,0.0,0.0
2023-11-27,0.0,0.0,2800.0,11,27,0,0,0.0,0.0,0.0,0.0,0.0,5650.0,1200.0,4737.5,9050.0,1,0,0,0,0,0,0,0.0,0.0,0.0,0.0,0.0,0.0,0.0,0.0,0.0,889.3333333333334,0.0,2915.0677916448285,18.23270761649923,822.25612851231,0.0,0.0
2023-11-28,0.0,0.0,11250.0,11,28,0,0,0.0,0.0,0.0,2800.0,0.0,3750.0,0.0,35665.0,0.0,0,1,0,0,0,0,0,0.0,0.0,0.0,0.0,12280.0,4400.0,0.0,0.0,0.0,889.3333333333334,0.0,2915.0677916448285,13.674530712374423,769.2073460276449,0.0,0.0
2023-11-29,0.0,0.0,18000.0,11,29,0,0,0.0,0.0,0.0,11250.0,16175.0,10840.0,0.0,0.0,0.0,0,0,1,0,0,0,0,0.0,0.0,0.0,0.0,0.0,0.0,0.0,0.0,0.0,889.3333333333334,0.0,2915.0677916448285,10.255898034280818,719.5810656387647,0.0,0.0
2023-12-02,0.0,7600.0,0.0,12,2,1,0,0.0,0.0,4400.0,18000.0,0.0,29130.0,0.0,20705.0,0.0,0,0,0,0,0,1,0,0.0,0.0,0.0,0.0,0.0,0.0,0.0,0.0,0.0,889.3333333333334,0.0,2915.0677916448285,7.691923525710614,673.1564807588444,0.0,0.0
2023-12-04,0.0,0.0,3750.0,12,4,0,0,0.0,0.0,0.0,0.0,0.0,16180.0,7600.0,21700.0,0.0,1,0,0,0,0,0,0,0.0,0.0,0.0,0.0,0.0,10000.0,0.0,0.0,0.0,742.6666666666666,0.0,2842.120302888665,5.76894264428296,629.7270303873061,0.0,0.0
2023-12-05,0.0,1300.0,20900.0,12,5,0,0,0.0,0.0,0.0,3750.0,0.0,36580.0,0.0,20400.0,26900.0,0,1,0,0,0,0,0,0.0,0.0,0.0,0.0,0.0,0.0,0.0,0.0,0.0,742.6666666666666,0.0,2842.120302888665,4.326706983212221,589.099480039738,0.0,0.0
2023-12-06,500.0,27000.0,31070.0,12,6,0,0,0.0,0.0,10000.0,20900.0,0.0,30250.0,1300.0,1200.0,40000.0,0,0,1,0,0,0,0,0.0,0.0,0.0,0.0,0.0,0.0,0.0,0.0,0.0,742.6666666666666,0.0,2842.120302888665,3.2450302374091655,551.0930619726581,0.0,0.0
2023-12-07,0.0,0.0,22920.0,12,7,0,0,500.0,0.0,0.0,31070.0,2800.0,0.0,27000.0,0.0,28325.0,0,0,0,1,0,0,0,0.0,0.0,0.0,0.0,0.0,0.0,166.66666666666666,71.42857142857143,35.714285714285715,426.0,188.98223650461398,2240.721250878371,127.43377267805687,547.796735393777,0.0,0.0
2023-12-08,0.0,34150.0,0.0,12,8,1,0,0.0,0.0,0.0,22920.0,11250.0,34700.0,0.0,0.0,0.0,0,0,0,0,1,0,0,500.0,0.0,0.0,0.0,0.0,12280.0,166.66666666666666,71.42857142857143,35.714285714285715,426.0,188.98223650461398,2240.721250878371,95.57532950854265,512.4550105296623,0.0,0.0
2023-12-09,0.0,32300.0,0.0,12,9,1,0,0.0,0.0,0.0,0.0,18000.0,18955.0,34150.0,0.0,0.0,0,0,0,0,0,1,0,0.0,500.0,0.0,0.0,0.0,0.0,166.66666666666666,71.42857142857143,35.714285714285715,426.0,188.98223650461398,2240.721250878371,71.68149713140699,479.3933969471035,0.0,0.0
2023-12-10,0.0,17400.0,0.0,12,10,0,0,0.0,0.0,12280.0,0.0,0.0,0.0,32300.0,7600.0,0.0,0,0,0,0,0,0,1,0.0,0.0,0.0,0.0,0.0,0.0,0.0,71.42857142857143,35.714285714285715,426.0,188.98223650461398,2240.721250878371,53.76112284855524,448.4647906924517,0.0,0.0
2023-12-11,0.0,11077.5,0.0,12,11,0,0,0.0,0.0,0.0,0.0,3750.0,15395.0,17400.0,0.0,0.0,1,0,0,0,0,0,0,0.0,0.0,0.0,0.0,0.0,0.0,0.0,71.42857142857143,35.714285714285715,16.666666666666668,188.98223650461398,91.28709291753098,40.32084213641643,419.5315783897129,0.0,0.0
2023-12-12,0.0,0.0,51350.0,12,12,0,0,0.0,0.0,0.0,0.0,20900.0,53060.0,11077.5,1300.0,0.0,0,1,0,0,0,0,0,0.0,0.0,0.0,0.0,0.0,0.0,0.0,71.42857142857143,35.714285714285715,16.666666666666668,188.98223650461398,91.28709291753098,30.240631602312323,392.4650249452153,0.0,0.0
2023-12-13,0.0,6740.0,0.0,12,13,0,0,0.0,500.0,0.0,51350.0,31070.0,0.0,0.0,27000.0,15025.0,0,0,1,0,0,0,0,0.0,0.0,500.0,0.0,0.0,0.0,0.0,71.42857142857143,35.714285714285715,16.666666666666668,188.98223650461398,91.28709291753098,22.680473701734243,367.1447007552014,0.0,0.0
2023-12-14,0.0,15600.0,30840.0,12,14,0,0,0.0,0.0,0.0,0.0,22920.0,0.0,6740.0,0.0,33400.0,0,0,0,1,0,0,0,0.0,0.0,0.0,0.0,0.0,0.0,0.0,0.0,35.714285714285715,16.666666666666668,0.0,91.28709291753098,17.010355276300682,343.45794586776907,0.0,0.0
2023-12-15,0.0,27600.0,19640.0,12,15,1,0,0.0,0.0,0.0,30840.0,0.0,0.0,15600.0,34150.0,37500.0,0,0,0,0,1,0,0,0.0,0.0,0.0,0.0,0.0,0.0,0.0,0.0,35.714285714285715,16.666666666666668,0.0,91.28709291753098,12.757766457225511,321.2993687150098,0.0,0.0
2023-12-16,0.0,33900.0,0.0,12,16,1,0,0.0,0.0,0.0,19640.0,0.0,18335.0,27600.0,32300.0,0.0,0,0,0,0,0,1,0,0.0,0.0,0.0,0.0,0.0,0.0,0.0,0.0,35.714285714285715,16.666666666666668,0.0,91.28709291753098,9.568324842919132,300.5703771850092,0.0,0.0
2023-12-17,0.0,0.0,14000.0,12,17,0,0,0.0,0.0,0.0,0.0,0.0,25230.0,33900.0,17400.0,24500.0,0,0,0,0,0,0,1,0.0,0.0,0.0,0.0,0.0,0.0,0.0,0.0,35.714285714285715,16.666666666666668,0.0,91.28709291753098,7.176243632189349,281.1787399472667,0.0,0.0
2023-12-18,0.0,0.0,50250.0,12,18,0,0,0.0,0.0,0.0,14000.0,0.0,0.0,0.0,11077.5,29710.0,1,0,0,0,0,0,0,0.0,0.0,0.0,0.0,0.0,0.0,0.0,0.0,35.714285714285715,16.666666666666668,0.0,91.28709291753098,5.382182724142012,263.03817607970115,0.0,0.0
2023-12-19,0.0,3000.0,0.0,12,19,0,0,0.0,0.0,0.0,50250.0,51350.0,0.0,0.0,0.0,22370.0,0,1,0,0,0,0,0,0.0,0.0,0.0,0.0,0.0,0.0,0.0,0.0,35.714285714285715,16.666666666666668,0.0,91.28709291753098,4.036637043106509,246.06797117133334,0.0,0.0
2023-12-20,3000.0,0.0,0.0,12,20,0,0,0.0,0.0,0.0,0.0,0.0,0.0,3000.0,6740.0,22125.0,0,0,1,0,0,0,0,0.0,0.0,0.0,500.0,0.0,0.0,0.0,0.0,35.714285714285715,16.666666666666668,0.0,91.28709291753098,3.027477782329882,230.19261819253765,0.0,0.0
2023-12-21,3000.0,0.0,14000.0,12,21,0,0,3000.0,0.0,0.0,0.0,30840.0,0.0,0.0,15600.0,14900.0,0,0,0,1,0,0,0,0.0,0.0,0.0,0.0,0.0,0.0,1000.0,428.57142857142856,214.28571428571428,116.66666666666667,1133.893419027682,552.1639769771883,752.2706083367474,408.88986863172875,0.0,0.0
2023-12-22,0.0,20310.0,0.0,12,22,1,0,3000.0,0.0,0.0,14000.0,19640.0,12250.0,0.0,27600.0,0.0,0,0,0,0,1,0,0,3000.0,0.0,0.0,0.0,0.0,0.0,2000.0,857.1428571428571,428.57142857142856,216.66666666666666,1463.8501094228002,762.0676652612826,1314.2029562525604,576.0582642038753,0.0,0.0
2023-12-23,1200.0,21000.0,0.0,12,23,1,0,0.0,0.0,0.0,0.0,0.0,0.0,20310.0,33900.0,4737.5,0,0,0,0,0,1,0,3000.0,3000.0,0.0,0.0,0.0,0.0,2000.0,857.1428571428571,428.57142857142856,216.66666666666666,1463.8501094228002,762.0676652612826,985.6522171894203,538.8932149003995,0.0,0.0
2023-12-26,0.0,0.0,0.0,12,26,0,0,1200.0,0.0,0.0,0.0,14000.0,0.0,21000.0,0.0,35665.0,0,1,0,0,0,0,0,0.0,3000.0,0.0,0.0,0.0,0.0,1400.0,1028.5714285714287,514.2857142857143,256.6666666666667,1416.2324264449983,781.5472423046631,1039.2391628920652,581.5452655519866,0.0,0.0
2024-01-04,0.0,0.0,0.0,1,4,0,0,0.0,0.0,0.0,0.0,50250.0,16175.0,0.0,0.0,0.0,0,0,0,1,0,0,0,1200.0,0.0,0.0,0.0,0.0,0.0,400.0,1028.5714285714287,514.2857142857143,256.6666666666667,1416.2324264449983,781.5472423046631,779.429372169049,544.0262161615359,0.0,0.0
2024-01-06,0.0,13000.0,0.0,1,6,1,0,0.0,0.0,0.0,0.0,0.0,0.0,0.0,3000.0,20705.0,0,0,0,0,0,1,0,0.0,1200.0,0.0,0.0,0.0,0.0,400.0,1028.5714285714287,514.2857142857143,256.6666666666667,1416.2324264449983,781.5472423046631,584.5720291267867,508.92775060272714,0.0,0.0
2024-01-08,0.0,64500.0,0.0,1,8,0,0,0.0,3000.0,0.0,0.0,0.0,0.0,13000.0,0.0,21700.0,1,0,0,0,0,0,0,0.0,0.0,3000.0,0.0,500.0,0.0,0.0,1028.5714285714287,514.2857142857143,256.6666666666667,1416.2324264449983,781.5472423046631,438.42902184509,476.0937021767448,0.0,0.0
2024-01-12,0.0,24000.0,0.0,1,12,1,0,0.0,3000.0,0.0,0.0,14000.0,0.0,64500.0,0.0,20400.0,0,0,0,0,1,0,0,0.0,0.0,3000.0,0.0,0.0,0.0,0.0,600.0,514.2857142857143,256.6666666666667,1148.912529307606,781.5472423046631,328.8217663838175,445.3779794556645,0.0,0.0
2024-01-13,0.0,0.0,10200.0,1,13,1,0,0.0,0.0,0.0,0.0,0.0,0.0,24000.0,20310.0,1200.0,0,0,0,0,0,1,0,0.0,0.0,0.0,0.0,0.0,0.0,0.0,171.42857142857142,514.2857142857143,256.6666666666667,453.5573676110732,781.5472423046631,246.6163247878631,416.6439162649765,0.0,0.0
2024-01-14,0.0,5200.0,0.0,1,14,0,0,0.0,1200.0,0.0,10200.0,0.0,2800.0,0.0,21000.0,0.0,0,0,0,0,0,0,1,0.0,0.0,1200.0,0.0,0.0,0.0,0.0,171.42857142857142,514.2857142857143,256.6666666666667,453.5573676110732,781.5472423046631,184.96224359089734,389.76366360272,0.0,0.0
2024-01-16,0.0,0.0,9040.0,1,16,0,0,0.0,0.0,0.0,0.0,0.0,11250.0,5200.0,0.0,0.0,0,1,0,0,0,0,0,0.0,0.0,0.0,0.0,0.0,0.0,0.0,0.0,514.2857142857143,256.6666666666667,0.0,781.5472423046631,138.72168269317302,364.6176207896413,0.0,0.0
2024-01-17,0.0,10000.0,0.0,1,17,0,0,0.0,0.0,0.0,9040.0,0.0,18000.0,0.0,0.0,0.0,0,0,1,0,0,0,0,0.0,0.0,0.0,0.0,0.0,0.0,0.0,0.0,514.2857142857143,256.6666666666667,0.0,781.5472423046631,104.04126201987977,341.0939033193419,0.0,0.0
2024-01-18,0.0,24000.0,15000.0,1,18,0,0,0.0,0.0,0.0,0.0,0.0,0.0,10000.0,13000.0,7600.0,0,0,0,1,0,0,0,0.0,0.0,0.0,0.0,0.0,0.0,0.0,0.0,514.2857142857143,256.6666666666667,0.0,781.5472423046631,78.03094651490983,319.0878450406747,0.0,0.0
2024-01-19,0.0,12800.0,0.0,1,19,1,0,0.0,0.0,0.0,15000.0,0.0,3750.0,24000.0,64500.0,0.0,0,0,0,0,1,0,0,0.0,0.0,0.0,3000.0,0.0,500.0,0.0,0.0,514.2857142857143,256.6666666666667,0.0,781.5472423046631,58.52320988618237,298.5015324574054,0.0,0.0
2024-01-20,0.0,32800.0,8640.0,1,20,1,0,0.0,0.0,0.0,0.0,0.0,20900.0,12800.0,24000.0,1300.0,0,0,0,0,0,1,0,0.0,0.0,0.0,3000.0,0.0,0.0,0.0,0.0,300.0,256.6666666666667,0.0,781.5472423046631,43.89240741463678,279.24336907305667,0.0,0.0
2024-01-22,0.0,0.0,63320.0,1,22,0,0,0.0,0.0,500.0,8640.0,10200.0,31070.0,32800.0,0.0,27000.0,1,0,0,0,0,0,0,0.0,0.0,0.0,0.0,0.0,0.0,0.0,0.0,85.71428571428571,256.6666666666667,0.0,781.5472423046631,32.919305560977584,261.2276678425369,0.0,0.0
2024-01-23,0.0,0.0,79320.0,1,23,0,0,0.0,0.0,0.0,63320.0,0.0,22920.0,0.0,5200.0,0.0,0,1,0,0,0,0,0,0.0,0.0,0.0,1200.0,0.0,0.0,0.0,0.0,85.71428571428571,240.0,0.0,781.5104738195489,24.689479170733186,244.37426991721196,0.0,0.0
2024-01-24,0.0,6800.0,53200.0,1,24,0,0,0.0,0.0,0.0,79320.0,9040.0,0.0,0.0,0.0,34150.0,0,0,1,0,0,0,0,0.0,0.0,0.0,0.0,0.0,0.0,0.0,0.0,0.0,240.0,0.0,781.5104738195489,18.517109378049888,228.60818798706927,0.0,0.0
2024-01-25,0.0,31400.0,26396.0,1,25,0,0,0.0,0.0,0.0,53200.0,0.0,0.0,6800.0,10000.0,32300.0,0,0,0,1,0,0,0,0.0,0.0,0.0,0.0,0.0,0.0,0.0,0.0,0.0,240.0,0.0,781.5104738195489,13.887832033537416,213.85927263306482,0.0,0.0
2024-01-26,0.0,36170.0,9000.0,1,26,1,0,0.0,0.0,0.0,26396.0,15000.0,0.0,31400.0,24000.0,17400.0,0,0,0,0,1,0,0,0.0,0.0,0.0,0.0,0.0,0.0,0.0,0.0,0.0,240.0,0.0,781.5104738195489,10.415874025153062,200.06190020512517,0.0,0.0
2024-01-28,0.0,0.0,15900.0,1,28,0,0,0.0,0.0,0.0,9000.0,0.0,0.0,36170.0,12800.0,11077.5,0,0,0,0,0,0,1,0.0,0.0,0.0,0.0,3000.0,0.0,0.0,0.0,0.0,240.0,0.0,781.5104738195489,7.811905518864797,187.15468083705258,0.0,0.0
2024-01-29,0.0,0.0,6400.0,1,29,0,0,0.0,0.0,0.0,15900.0,8640.0,51350.0,0.0,32800.0,0.0,1,0,0,0,0,0,0,0.0,0.0,0.0,0.0,3000.0,0.0,0.0,0.0,0.0,240.0,0.0,781.5104738195489,5.858929139148597,175.08018529917823,0.0,0.0
2024-01-30,0.0,25900.0,0.0,1,30,0,0,0.0,0.0,0.0,6400.0,63320.0,0.0,0.0,0.0,6740.0,0,1,0,0,0,0,0,0.0,0.0,0.0,0.0,0.0,0.0,0.0,0.0,0.0,240.0,0.0,781.5104738195489,4.394196854361448,163.7846894734248,0.0,0.0
2024-01-31,0.0,26300.0,0.0,1,31,0,0,0.0,0.0,0.0,0.0,79320.0,30840.0,25900.0,0.0,15600.0,0,0,1,0,0,0,0,0.0,0.0,0.0,0.0,1200.0,0.0,0.0,0.0,0.0,240.0,0.0,781.5104738195489,3.295647640771086,153.217935313849,0.0,0.0
2024-02-01,0.0,0.0,14900.0,2,1,0,0,0.0,0.0,0.0,0.0,53200.0,19640.0,26300.0,6800.0,27600.0,0,0,0,1,0,0,0,0.0,0.0,0.0,0.0,0.0,0.0,0.0,0.0,0.0,240.0,0.0,781.5104738195489,2.4717357305783145,143.33290722908455,0.0,0.0
2024-02-02,8000.0,34420.0,0.0,2,2,1,0,0.0,0.0,0.0,14900.0,26396.0,0.0,0.0,31400.0,33900.0,0,0,0,0,1,0,0,0.0,0.0,0.0,0.0,0.0,0.0,0.0,0.0,0.0,240.0,0.0,781.5104738195489,1.8538017979337358,134.08562289172426,0.0,0.0
2024-02-03,0.0,58420.0,0.0,2,3,1,0,8000.0,0.0,0.0,0.0,9000.0,14000.0,34420.0,36170.0,0.0,0,0,0,0,0,1,0,0.0,0.0,0.0,0.0,0.0,0.0,2666.6666666666665,1142.857142857143,571.4285714285714,506.6666666666667,3023.7157840738178,1616.0687364464238,2001.3903513484504,641.5639698019356,0.0,0.0
2024-02-04,0.0,26800.0,0.0,2,4,0,0,0.0,0.0,0.0,0.0,15900.0,50250.0,58420.0,0.0,0.0,0,0,0,0,0,0,1,8000.0,0.0,0.0,0.0,0.0,3000.0,2666.6666666666665,1142.857142857143,571.4285714285714,506.6666666666667,3023.7157840738178,1616.0687364464238,1501.0427635113379,600.1727459437462,0.0,0.0
2024-02-05,0.0,0.0,11790.0,2,5,0,0,0.0,0.0,0.0,0.0,6400.0,0.0,26800.0,0.0,3000.0,1,0,0,0,0,0,0,0.0,8000.0,0.0,0.0,0.0,3000.0,2666.6666666666665,1142.857142857143,571.4285714285714,506.6666666666667,3023.7157840738178,1616.0687364464238,1125.7820726335035,561.4519236247949,0.0,0.0
2024-02-06,0.0,52500.0,0.0,2,6,0,0,0.0,0.0,3000.0,11790.0,0.0,0.0,0.0,25900.0,0.0,0,1,0,0,0,0,0,0.0,0.0,0.0,0.0,0.0,0.0,0.0,1142.857142857143,571.4285714285714,506.6666666666667,3023.7157840738178,1616.0687364464238,844.3365544751276,525.2292188748081,0.0,0.0
2024-02-07,0.0,20000.0,67000.0,2,7,0,0,0.0,0.0,3000.0,0.0,0.0,14000.0,52500.0,26300.0,0.0,0,0,1,0,0,0,0,0.0,0.0,0.0,0.0,0.0,1200.0,0.0,1142.857142857143,571.4285714285714,406.6666666666667,3023.7157840738178,1547.8423989392536,633.2524158563457,491.3434628183689,0.0,0.0
2024-02-08,0.0,59500.0,0.0,2,8,0,0,0.0,0.0,0.0,67000.0,14900.0,0.0,20000.0,0.0,20310.0,0,0,0,1,0,0,0,0.0,0.0,0.0,0.0,0.0,0.0,0.0,1142.857142857143,571.4285714285714,306.6666666666667,3023.7157840738178,1469.4435572066361,474.9393118922593,459.64388457202256,0.0,0.0
2024-02-09,0.0,28000.0,0.0,2,9,1,0,0.0,8000.0,1200.0,0.0,0.0,0.0,59500.0,34420.0,21000.0,0,0,0,0,1,0,0,0.0,0.0,8000.0,0.0,0.0,0.0,0.0,1142.857142857143,571.4285714285714,306.6666666666667,3023.7157840738178,1469.4435572066361,356.20448391919444,429.98944040608563,0.0,0.0
2024-02-10,0.0,52000.0,4800.0,2,10,1,0,0.0,0.0,0.0,0.0,0.0,0.0,28000.0,58420.0,0.0,0,0,0,0,0,1,0,0.0,0.0,0.0,0.0,0.0,0.0,0.0,0.0,571.4285714285714,266.6666666666667,0.0,1460.5934866804432,267.15336293939583,402.2481861863382,0.0,0.0
2024-02-11,0.0,22400.0,4800.0,2,11,0,0,0.0,0.0,0.0,4800.0,0.0,0.0,52000.0,26800.0,0.0,0,0,0,0,0,0,1,0.0,0.0,0.0,0.0,0.0,0.0,0.0,0.0,571.4285714285714,266.6666666666667,0.0,1460.5934866804432,200.36502220454688,376.29669030334867,0.0,0.0
2024-02-13,0.0,0.0,7400.0,2,13,0,0,0.0,0.0,0.0,4800.0,11790.0,0.0,22400.0,0.0,13000.0,0,1,0,0,0,0,0,0.0,0.0,0.0,0.0,0.0,0.0,0.0,0.0,571.4285714285714,266.6666666666667,0.0,1460.5934866804432,150.27376665341015,352.0194844773262,0.0,0.0
2024-02-14,0.0,20000.0,10800.0,2,14,0,0,0.0,0.0,0.0,7400.0,0.0,0.0,0.0,52500.0,64500.0,0,0,1,0,0,0,0,0.0,0.0,0.0,0.0,0.0,0.0,0.0,0.0,571.4285714285714,266.6666666666667,0.0,1460.5934866804432,112.70532499005762,329.3085499949181,0.0,0.0
2024-02-15,0.0,0.0,47560.0,2,15,0,0,0.0,0.0,0.0,10800.0,67000.0,0.0,20000.0,20000.0,24000.0,0,0,0,1,0,0,0,0.0,0.0,0.0,0.0,0.0,0.0,0.0,0.0,571.4285714285714,266.6666666666667,0.0,1460.5934866804432,84.52899374254321,308.0628370920202,0.0,0.0
2024-02-16,0.0,12300.0,0.0,2,16,1,0,0.0,0.0,0.0,47560.0,0.0,10200.0,0.0,59500.0,0.0,0,0,0,0,1,0,0,0.0,0.0,0.0,0.0,0.0,0.0,0.0,0.0,571.4285714285714,266.6666666666667,0.0,1460.5934866804432,63.396745306907405,288.1878153441479,0.0,0.0
2024-02-20,0.0,0.0,26900.0,2,20,0,0,0.0,0.0,0.0,0.0,0.0,0.0,12300.0,28000.0,5200.0,0,1,0,0,0,0,0,0.0,0.0,0.0,8000.0,0.0,0.0,0.0,0.0,571.4285714285714,266.6666666666667,0.0,1460.5934866804432,47.547558980180554,269.5950530638803,0.0,0.0
2024-02-21,0.0,82260.0,0.0,2,21,0,0,0.0,0.0,0.0,26900.0,4800.0,9040.0,0.0,52000.0,0.0,0,0,1,0,0,0,0,0.0,0.0,0.0,0.0,0.0,0.0,0.0,0.0,0.0,266.6666666666667,0.0,1460.5934866804432,35.660669235135416,252.20182383395255,0.0,0.0
2024-02-22,0.0,37390.0,0.0,2,22,0,0,0.0,0.0,0.0,0.0,4800.0,0.0,82260.0,22400.0,10000.0,0,0,0,1,0,0,0,0.0,0.0,0.0,0.0,0.0,0.0,0.0,0.0,0.0,266.6666666666667,0.0,1460.5934866804432,26.74550192635156,235.93073842531047,0.0,0.0
2024-02-23,0.0,64390.0,0.0,2,23,1,0,0.0,0.0,0.0,0.0,7400.0,15000.0,37390.0,0.0,24000.0,0,0,0,0,1,0,0,0.0,0.0,0.0,0.0,0.0,0.0,0.0,0.0,0.0,266.6666666666667,0.0,1460.5934866804432,20.05912644476367,220.70940046238724,0.0,0.0
2024-02-24,0.0,57800.0,51000.0,2,24,1,0,0.0,0.0,0.0,0.0,10800.0,0.0,64390.0,20000.0,12800.0,0,0,0,0,0,1,0,0.0,0.0,0.0,0.0,0.0,0.0,0.0,0.0,0.0,266.6666666666667,0.0,1460.5934866804432,15.044344833572753,206.47008430352355,0.0,0.0
2024-02-25,0.0,49200.0,42000.0,2,25,0,0,0.0,0.0,0.0,51000.0,47560.0,8640.0,57800.0,0.0,32800.0,0,0,0,0,0,0,1,0.0,0.0,0.0,0.0,0.0,0.0,0.0,0.0,0.0,266.6666666666667,0.0,1460.5934866804432,11.283258625179565,193.14943370329624,0.0,0.0
2024-02-26,0.0,0.0,50440.0,2,26,0,0,0.0,0.0,0.0,42000.0,0.0,63320.0,49200.0,12300.0,0.0,1,0,0,0,0,0,0,0.0,0.0,0.0,0.0,0.0,0.0,0.0,0.0,0.0,266.6666666666667,0.0,1460.5934866804432,8.462443968884674,180.6881799159868,0.0,0.0
2024-02-27,0.0,0.0,59300.0,2,27,0,0,0.0,0.0,0.0,50440.0,26900.0,79320.0,0.0,0.0,0.0,0,1,0,0,0,0,0,0.0,0.0,0.0,0.0,8000.0,0.0,0.0,0.0,0.0,266.6666666666667,0.0,1460.5934866804432,6.346832976663506,169.03087798592315,0.0,0.0
2024-02-28,0.0,138400.0,0.0,2,28,0,0,0.0,0.0,0.0,59300.0,0.0,53200.0,0.0,82260.0,6800.0,0,0,1,0,0,0,0,0.0,0.0,0.0,0.0,0.0,0.0,0.0,0.0,0.0,266.6666666666667,0.0,1460.5934866804432,4.760124732497629,158.12566005134747,0.0,0.0
2024-02-29,0.0,43540.0,13960.0,2,29,0,0,0.0,0.0,0.0,0.0,0.0,26396.0,138400.0,37390.0,31400.0,0,0,0,1,0,0,0,0.0,0.0,0.0,0.0,0.0,0.0,0.0,0.0,0.0,266.6666666666667,0.0,1460.5934866804432,3.5700935493732215,147.92400456416377,0.0,0.0
2024-03-01,0.0,110500.0,5600.0,3,1,1,0,0.0,0.0,0.0,13960.0,0.0,9000.0,43540.0,64390.0,36170.0,0,0,0,0,1,0,0,0.0,0.0,0.0,0.0,0.0,0.0,0.0,0.0,0.0,266.6666666666667,0.0,1460.5934866804432,2.677570162029916,138.38052039873386,0.0,0.0
2024-03-02,0.0,46000.0,0.0,3,2,1,0,0.0,0.0,0.0,5600.0,51000.0,15900.0,110500.0,57800.0,0.0,0,0,0,0,0,1,0,0.0,0.0,0.0,0.0,0.0,0.0,0.0,0.0,0.0,266.6666666666667,0.0,1460.5934866804432,2.008177621522437,129.45274488913813,0.0,0.0
2024-03-03,0.0,0.0,13000.0,3,3,0,0,0.0,0.0,0.0,0.0,42000.0,6400.0,46000.0,49200.0,0.0,0,0,0,0,0,0,1,0.0,0.0,0.0,0.0,0.0,0.0,0.0,0.0,0.0,266.6666666666667,0.0,1460.5934866804432,1.5061332161418277,121.10095489629052,0.0,0.0
2024-03-04,0.0,84500.0,0.0,3,4,0,0,0.0,0.0,0.0,13000.0,50440.0,0.0,0.0,0.0,25900.0,1,0,0,0,0,0,0,0.0,0.0,0.0,0.0,0.0,0.0,0.0,0.0,0.0,266.6666666666667,0.0,1460.5934866804432,1.1295999121063707,113.28799006427178,0.0,0.0
2024-03-05,0.0,0.0,100760.0,3,5,0,0,0.0,0.0,0.0,0.0,59300.0,0.0,84500.0,0.0,26300.0,0,1,0,0,0,0,0,0.0,0.0,0.0,0.0,0.0,8000.0,0.0,0.0,0.0,266.6666666666667,0.0,1460.5934866804432,0.847199934079778,105.97908747948006,0.0,0.0
2024-03-06,0.0,19500.0,92400.0,3,6,0,0,0.0,0.0,0.0,100760.0,0.0,14900.0,0.0,138400.0,0.0,0,0,1,0,0,0,0,0.0,0.0,0.0,0.0,0.0,0.0,0.0,0.0,0.0,266.6666666666667,0.0,1460.5934866804432,0.6353999505598336,99.14172699693296,0.0,0.0
2024-03-07,24000.0,104140.0,0.0,3,7,0,0,0.0,0.0,8000.0,92400.0,13960.0,0.0,19500.0,43540.0,34420.0,0,0,0,1,0,0,0,0.0,0.0,0.0,0.0,0.0,0.0,0.0,0.0,0.0,266.6666666666667,0.0,1460.5934866804432,0.47654996291987517,92.74548654551793,0.0,0.0
2024-03-08,12000.0,21000.0,2500.0,3,8,1,0,24000.0,0.0,0.0,0.0,5600.0,0.0,104140.0,110500.0,58420.0,0,0,0,0,1,0,0,0.0,0.0,0.0,0.0,0.0,0.0,8000.0,3428.5714285714284,1714.2857142857142,800.0,9071.147352221453,4381.780460041329,6000.35741247219,1635.149003542581,0.0,0.0
2024-03-09,0.0,0.0,6000.0,3,9,1,0,12000.0,0.0,0.0,2500.0,0.0,0.0,21000.0,46000.0,26800.0,0,0,0,0,0,1,0,24000.0,0.0,0.0,0.0,0.0,0.0,12000.0,5142.857142857143,2571.4285714285716,1200.0,9441.549509633318,4830.934799237386,7500.268059354143,2303.8490678301564,0.0,0.0
2024-03-10,0.0,9600.0,0.0,3,10,0,0,0.0,0.0,0.0,6000.0,13000.0,11790.0,0.0,0.0,0.0,0,0,0,0,0,0,1,12000.0,24000.0,0.0,0.0,0.0,0.0,12000.0,5142.857142857143,2571.4285714285716,1200.0,9441.549509633318,4830.934799237386,5625.201044515607,2155.2136440991785,0.0,0.0
2024-03-11,2800.0,0.0,0.0,3,11,0,0,0.0,0.0,0.0,0.0,0.0,0.0,9600.0,84500.0,52500.0,1,0,0,0,0,0,0,0.0,12000.0,0.0,0.0,0.0,0.0,4000.0,5142.857142857143,2571.4285714285716,1200.0,9441.549509633318,4830.934799237386,4218.900783386705,2016.1676025443928,0.0,0.0
2024-03-12,0.0,0.0,2400.0,3,12,0,0,2800.0,0.0,0.0,0.0,100760.0,67000.0,0.0,0.0,20000.0,0,1,0,0,0,0,0,0.0,0.0,0.0,0.0,0.0,0.0,933.3333333333334,5542.857142857143,2771.4285714285716,1293.3333333333333,9244.612330587863,4833.998368833512,3864.175587540029,2066.737434638303,0.0,0.0
2024-03-13,0.0,8000.0,5900.0,3,13,0,0,0.0,0.0,0.0,2400.0,92400.0,0.0,0.0,19500.0,59500.0,0,0,1,0,0,0,0,2800.0,0.0,0.0,0.0,0.0,0.0,933.3333333333334,5542.857142857143,2771.4285714285716,1293.3333333333333,9244.612330587863,4833.998368833512,2898.131690655022,1933.3995356293804,0.0,0.0
2024-03-14,0.0,32700.0,0.0,3,14,0,0,0.0,24000.0,0.0,5900.0,0.0,0.0,8000.0,104140.0,28000.0,0,0,0,1,0,0,0,0.0,2800.0,24000.0,0.0,0.0,0.0,933.3333333333334,5542.857142857143,2771.4285714285716,1293.3333333333333,9244.612330587863,4833.998368833512,2173.5987679912664,1808.6640817178074,0.0,0.0
2024-03-15,0.0,0.0,0.0,3,15,1,0,0.0,12000.0,0.0,0.0,2500.0,4800.0,32700.0,21000.0,52000.0,0,0,0,0,1,0,0,0.0,0.0,12000.0,0.0,0.0,0.0,0.0,2114.285714285714,2771.4285714285716,1293.3333333333333,4482.346324351629,4833.998368833512,1630.1990759934497,1691.976076445691,0.0,0.0
2024-03-17,0.0,18900.0,0.0,3,17,0,0,0.0,0.0,0.0,0.0,6000.0,4800.0,0.0,0.0,22400.0,0,0,0,0,0,0,1,0.0,0.0,0.0,0.0,0.0,0.0,0.0,400.0,2771.4285714285716,1293.3333333333333,1058.3005244258252,4833.998368833512,1222.6493069950873,1582.8163295782272,0.0,0.0
2024-03-18,0.0,59800.0,8420.0,3,18,0,0,0.0,0.0,0.0,0.0,0.0,7400.0,18900.0,9600.0,0.0,1,0,0,0,0,0,0,0.0,0.0,0.0,0.0,0.0,0.0,0.0,400.0,2771.4285714285716,1293.3333333333333,1058.3005244258252,4833.998368833512,916.9869802463154,1480.6991470247933,0.0,0.0
2024-03-19,0.0,8200.0,4420.0,3,19,0,0,0.0,2800.0,0.0,8420.0,0.0,10800.0,59800.0,0.0,20000.0,0,1,0,0,0,0,0,0.0,0.0,2800.0,0.0,0.0,0.0,0.0,400.0,2771.4285714285716,1293.3333333333333,1058.3005244258252,4833.998368833512,687.7402351847365,1385.1701697973874,0.0,0.0
2024-03-20,0.0,11450.0,8940.0,3,20,0,0,0.0,0.0,0.0,4420.0,2400.0,47560.0,8200.0,0.0,0.0,0,0,1,0,0,0,0,0.0,0.0,0.0,0.0,0.0,0.0,0.0,0.0,2771.4285714285716,1293.3333333333333,0.0,4833.998368833512,515.8051763885524,1295.8043523911044,0.0,0.0
2024-03-21,7380.0,52800.0,0.0,3,21,0,0,0.0,0.0,0.0,8940.0,5900.0,0.0,11450.0,8000.0,12300.0,0,0,0,1,0,0,0,0.0,0.0,0.0,0.0,0.0,0.0,0.0,0.0,2771.4285714285716,1293.3333333333333,0.0,4833.998368833512,386.85388229141427,1212.2040715916785,0.0,0.0
2024-03-22,0.0,35700.0,0.0,3,22,1,0,7380.0,0.0,0.0,0.0,0.0,26900.0,52800.0,32700.0,0.0,0,0,0,0,1,0,0,0.0,0.0,0.0,24000.0,0.0,0.0,2460.0,1054.2857142857142,3298.5714285714284,1539.3333333333333,2789.3778108080933,4952.247788723777,2135.1404117185607,1610.1263895535058,0.0,0.0
2024-03-23,0.0,30840.0,17725.0,3,23,1,0,0.0,0.0,0.0,0.0,0.0,0.0,35700.0,0.0,82260.0,0,0,0,0,0,1,0,7380.0,0.0,0.0,12000.0,0.0,0.0,2460.0,1054.2857142857142,1584.2857142857142,1539.3333333333333,2789.3778108080933,4952.247788723777,1601.3553087889204,1506.247267646828,0.0,0.0
2024-03-24,0.0,44375.0,0.0,3,24,0,0,0.0,0.0,0.0,17725.0,0.0,0.0,30840.0,18900.0,37390.0,0,0,0,0,0,0,1,0.0,7380.0,0.0,0.0,0.0,0.0,2460.0,1054.2857142857142,727.1428571428571,1539.3333333333333,2789.3778108080933,4952.247788723777,1201.0164815916903,1409.0700245728392,0.0,0.0
2024-03-25,0.0,0.0,6900.0,3,25,0,0,0.0,0.0,0.0,0.0,8420.0,0.0,44375.0,59800.0,64390.0,1,0,0,0,0,0,0,0.0,0.0,0.0,0.0,0.0,0.0,0.0,1054.2857142857142,727.1428571428571,1539.3333333333333,2789.3778108080933,4952.247788723777,900.7623611937677,1318.162281052011,0.0,0.0
2024-03-26,6900.0,0.0,0.0,3,26,0,0,0.0,0.0,0.0,6900.0,4420.0,51000.0,0.0,8200.0,57800.0,0,1,0,0,0,0,0,0.0,0.0,0.0,2800.0,0.0,0.0,0.0,1054.2857142857142,727.1428571428571,1539.3333333333333,2789.3778108080933,4952.247788723777,675.5717708953257,1233.119553242204,0.0,0.0
2024-03-27,0.0,9600.0,4560.0,3,27,0,0,6900.0,0.0,0.0,0.0,8940.0,42000.0,0.0,11450.0,49200.0,0,0,1,0,0,0,0,0.0,0.0,0.0,0.0,0.0,0.0,2300.0,2040.0,1020.0,1769.3333333333333,3486.7176541842305,5037.782033404378,2231.6788281714944,1598.72474335561,0.0,0.0
2024-03-28,0.0,8975.0,0.0,3,28,0,0,0.0,7380.0,0.0,4560.0,0.0,50440.0,9600.0,52800.0,0.0,0,0,0,1,0,0,0,6900.0,0.0,7380.0,0.0,0.0,0.0,2300.0,2040.0,1020.0,1769.3333333333333,3486.7176541842305,5037.782033404378,1673.7591211286208,1495.5812115262158,0.0,0.0
2024-03-29,0.0,18060.0,6250.0,3,29,1,0,0.0,0.0,0.0,0.0,0.0,59300.0,8975.0,35700.0,0.0,0,0,0,0,1,0,0,0.0,6900.0,0.0,0.0,24000.0,0.0,2300.0,985.7142857142857,1020.0,1769.3333333333333,2607.9548637636635,5037.782033404378,1255.3193408464656,1399.0921011051698,0.0,0.0
2024-03-30,0.0,10050.0,7125.0,3,30,1,0,0.0,0.0,0.0,6250.0,17725.0,0.0,18060.0,30840.0,138400.0,0,0,0,0,0,1,0,0.0,0.0,0.0,0.0,12000.0,0.0,0.0,985.7142857142857,1020.0,1769.3333333333333,2607.9548637636635,5037.782033404378,941.4895056348491,1308.8280945822557,0.0,0.0
2024-04-01,0.0,25620.0,2160.0,4,1,0,0,0.0,0.0,0.0,7125.0,0.0,13960.0,10050.0,44375.0,43540.0,1,0,0,0,0,0,0,0.0,0.0,0.0,0.0,0.0,0.0,0.0,985.7142857142857,1020.0,1769.3333333333333,2607.9548637636635,5037.782033404378,706.1171292261369,1224.3875723511426,0.0,0.0
2024-04-02,0.0,15525.0,2700.0,4,2,0,0,0.0,0.0,0.0,2160.0,6900.0,5600.0,25620.0,0.0,110500.0,0,1,0,0,0,0,0,0.0,0.0,0.0,0.0,0.0,0.0,0.0,985.7142857142857,1020.0,1769.3333333333333,2607.9548637636635,5037.782033404378,529.5878469196026,1145.3948257478432,0.0,0.0
2024-04-03,0.0,7400.0,2880.0,4,3,0,0,0.0,6900.0,0.0,2700.0,0.0,0.0,15525.0,0.0,46000.0,0,0,1,0,0,0,0,0.0,0.0,6900.0,0.0,2800.0,0.0,0.0,985.7142857142857,1020.0,1769.3333333333333,2607.9548637636635,5037.782033404378,397.19088518970193,1071.4983853770148,0.0,0.0
2024-04-04,0.0,12570.0,6000.0,4,4,0,0,0.0,0.0,0.0,2880.0,4560.0,13000.0,7400.0,9600.0,0.0,0,0,0,1,0,0,0,0.0,0.0,0.0,0.0,0.0,0.0,0.0,0.0,1020.0,1769.3333333333333,0.0,5037.782033404378,297.89316389227645,1002.3694572881751,0.0,0.0
2024-04-05,0.0,33720.0,2400.0,4,5,1,0,0.0,0.0,0.0,6000.0,0.0,0.0,12570.0,8975.0,84500.0,0,0,0,0,1,0,0,0.0,0.0,0.0,7380.0,0.0,0.0,0.0,0.0,1020.0,1769.3333333333333,0.0,5037.782033404378,223.41987291920734,937.7004600437767,0.0,0.0
2024-04-06,0.0,24620.0,2400.0,4,6,1,0,0.0,0.0,0.0,2400.0,6250.0,100760.0,33720.0,18060.0,0.0,0,0,0,0,0,1,0,0.0,0.0,0.0,0.0,0.0,24000.0,0.0,0.0,492.85714285714283,1769.3333333333333,0.0,5037.782033404378,167.5649046894055,877.2036561699847,0.0,0.0
2024-04-07,0.0,0.0,2400.0,4,7,0,0,0.0,0.0,0.0,2400.0,7125.0,92400.0,24620.0,10050.0,19500.0,0,0,0,0,0,0,1,0.0,0.0,0.0,0.0,0.0,12000.0,0.0,0.0,492.85714285714283,1769.3333333333333,0.0,5037.782033404378,125.67367851705413,820.6098719009535,0.0,0.0
2024-04-08,2400.0,0.0,0.0,4,8,0,1,0.0,0.0,24000.0,2400.0,2160.0,0.0,0.0,25620.0,104140.0,1,0,0,0,0,0,0,0.0,0.0,0.0,0.0,0.0,0.0,0.0,0.0,492.85714285714283,1769.3333333333333,0.0,5037.782033404378,94.2552588877906,767.6672995202468,0.0,0.0
2024-04-09,0.0,0.0,3000.0,4,9,0,1,2400.0,0.0,12000.0,0.0,2700.0,2500.0,0.0,15525.0,21000.0,0,1,0,0,0,0,0,0.0,0.0,0.0,0.0,0.0,0.0,800.0,342.85714285714283,664.2857142857143,1049.3333333333333,907.1147352221311,2795.5715390390305,670.691444165843,872.979086647973,1.0,0.0
2024-04-10,0.0,14250.0,0.0,4,10,0,1,0.0,0.0,0.0,3000.0,2880.0,6000.0,0.0,7400.0,0.0,0,0,1,0,0,0,0,2400.0,0.0,0.0,6900.0,0.0,2800.0,800.0,342.85714285714283,664.2857142857143,649.3333333333334,907.1147352221311,1884.8340882501786,503.01858312438225,816.6578552513296,1.0,0.0
2024-04-13,0.0,15210.0,17000.0,4,13,1,0,0.0,0.0,0.0,0.0,6000.0,0.0,14250.0,12570.0,9600.0,0,0,0,0,0,1,0,0.0,2400.0,0.0,0.0,0.0,0.0,800.0,342.85714285714283,171.42857142857142,649.3333333333334,907.1147352221311,1884.8340882501786,377.26393734328667,763.9702516867277,1.0,0.0
2024-04-14,0.0,14000.0,0.0,4,14,0,0,0.0,0.0,2800.0,17000.0,2400.0,0.0,15210.0,33720.0,0.0,0,0,0,0,0,0,1,0.0,0.0,0.0,0.0,7380.0,0.0,0.0,342.85714285714283,171.42857142857142,649.3333333333334,907.1147352221311,1884.8340882501786,282.947953007465,714.6818483521001,0.0,0.0
2024-04-15,7600.0,0.0,0.0,4,15,0,0,0.0,0.0,0.0,0.0,2400.0,2400.0,14000.0,24620.0,0.0,1,0,0,0,0,0,0,0.0,0.0,0.0,0.0,0.0,0.0,0.0,342.85714285714283,171.42857142857142,556.0,907.1147352221311,1843.5378282362226,212.21096475559875,668.5733420068034,0.0,0.0
2024-04-16,0.0,0.0,6500.0,4,16,0,0,7600.0,0.0,0.0,0.0,2400.0,5900.0,0.0,0.0,8000.0,0,1,0,0,0,0,0,0.0,0.0,0.0,0.0,0.0,0.0,2533.3333333333335,1428.5714285714287,714.2857142857143,809.3333333333334,2864.5617964558323,2243.3333162542053,2059.1582235666992,1115.7621586515259,0.0,0.0
2024-04-17,0.0,1500.0,1500.0,4,17,0,0,0.0,2400.0,0.0,6500.0,0.0,0.0,0.0,0.0,32700.0,0,0,1,0,0,0,0,7600.0,0.0,2400.0,0.0,0.0,0.0,2533.3333333333335,1428.5714285714287,714.2857142857143,809.3333333333334,2864.5617964558323,2243.3333162542053,1544.3686676750244,1043.7775032546533,0.0,1.0
2024-04-18,0.0,1520.0,17000.0,4,18,0,0,0.0,0.0,0.0,1500.0,3000.0,0.0,1500.0,0.0,0.0,0,0,0,1,0,0,0,0.0,7600.0,0.0,0.0,0.0,0.0,2533.3333333333335,1085.7142857142858,714.2857142857143,809.3333333333334,2872.529994870123,2243.3333162542053,1158.2765007562684,976.437019173708,0.0,1.0
2024-04-19,0.0,0.0,5000.0,4,19,1,0,0.0,0.0,0.0,17000.0,0.0,0.0,1520.0,14250.0,18900.0,0,0,0,0,1,0,0,0.0,0.0,0.0,0.0,6900.0,0.0,0.0,1085.7142857142858,714.2857142857143,809.3333333333334,2872.529994870123,2243.3333162542053,868.7073755672013,913.4410824528237,0.0,1.0
2024-04-20,0.0,22300.0,4000.0,4,20,1,0,0.0,0.0,0.0,5000.0,17000.0,8420.0,0.0,15210.0,59800.0,0,0,0,0,0,1,0,0.0,0.0,0.0,0.0,0.0,0.0,0.0,1085.7142857142858,714.2857142857143,809.3333333333334,2872.529994870123,2243.3333162542053,651.530531675401,854.5093997139319,0.0,0.0
2024-04-21,0.0,24000.0,4400.0,4,21,0,0,0.0,0.0,0.0,4000.0,0.0,4420.0,22300.0,14000.0,8200.0,0,0,0,0,0,0,1,0.0,0.0,0.0,0.0,0.0,7380.0,0.0,1085.7142857142858,714.2857142857143,809.3333333333334,2872.529994870123,2243.3333162542053,488.6478987565507,799.3797610227106,0.0,0.0
2024-04-22,6000.0,0.0,10165.0,4,22,0,0,0.0,7600.0,0.0,4400.0,0.0,8940.0,24000.0,0.0,11450.0,1,0,0,0,0,0,0,0.0,0.0,7600.0,0.0,0.0,0.0,0.0,1085.7142857142858,714.2857142857143,809.3333333333334,2872.529994870123,2243.3333162542053,366.48592406741307,747.8068732147938,0.0,0.0
2024-04-23,0.0,37130.0,4725.0,4,23,0,0,6000.0,0.0,7380.0,10165.0,6500.0,0.0,0.0,0.0,52800.0,0,1,0,0,0,0,0,0.0,0.0,0.0,0.0,0.0,0.0,2000.0,857.1428571428571,1142.857142857143,1009.3333333333334,2267.786838055358,2428.507322635028,1774.8644430505597,1086.658042684807,0.0,0.0
2024-04-24,0.0,25895.0,0.0,4,24,0,0,0.0,0.0,0.0,4725.0,1500.0,0.0,37130.0,1500.0,35700.0,0,0,1,0,0,0,0,6000.0,0.0,0.0,2400.0,0.0,0.0,2000.0,857.1428571428571,1142.857142857143,763.3333333333334,2267.786838055358,2114.3978246582496,1331.1483322879199,1016.5510721890131,0.0,0.0
2024-04-25,4620.0,29125.0,0.0,4,25,0,0,0.0,0.0,0.0,0.0,17000.0,17725.0,25895.0,1520.0,30840.0,0,0,0,1,0,0,0,0.0,6000.0,0.0,0.0,0.0,0.0,2000.0,857.1428571428571,971.4285714285714,763.3333333333334,2267.786838055358,2114.3978246582496,998.3612492159399,950.9671320477865,0.0,0.0
2024-04-26,0.0,52200.0,8840.0,4,26,1,0,4620.0,0.0,0.0,0.0,5000.0,0.0,29125.0,0.0,44375.0,0,0,0,0,1,0,0,0.0,0.0,0.0,0.0,0.0,6900.0,1540.0,1517.142857142857,1301.4285714285713,917.3333333333334,2621.460879520639,2222.373588714573,1903.7709369119548,1187.6789299801874,0.0,0.0
2024-04-27,0.0,51665.0,0.0,4,27,1,0,0.0,0.0,0.0,8840.0,4000.0,6900.0,52200.0,22300.0,0.0,0,0,0,0,0,1,0,4620.0,0.0,0.0,0.0,0.0,0.0,1540.0,1517.142857142857,1301.4285714285713,917.3333333333334,2621.460879520639,2222.373588714573,1427.828202683966,1111.0544828846914,0.0,0.0
2024-04-28,0.0,41065.0,4252.5,4,28,0,0,0.0,0.0,6900.0,0.0,4400.0,0.0,51665.0,24000.0,0.0,0,0,0,0,0,0,1,0.0,4620.0,0.0,0.0,0.0,0.0,1540.0,1517.142857142857,1301.4285714285713,917.3333333333334,2621.460879520639,2222.373588714573,1070.8711520129746,1039.373548505034,0.0,0.0
2024-04-29,0.0,1820.0,0.0,4,29,0,0,0.0,6000.0,0.0,4252.5,10165.0,4560.0,41065.0,0.0,9600.0,1,0,0,0,0,0,0,0.0,0.0,6000.0,7600.0,0.0,0.0,0.0,1517.142857142857,1301.4285714285713,687.3333333333334,2621.460879520639,1918.0772220859762,803.1533640097309,972.3171905369674,0.0,0.0
2024-04-30,0.0,12640.0,0.0,4,30,0,0,0.0,0.0,0.0,0.0,4725.0,0.0,1820.0,37130.0,8975.0,0,1,0,0,0,0,0,0.0,0.0,0.0,0.0,0.0,0.0,0.0,660.0,758.5714285714286,687.3333333333334,1746.195865302623,1918.0772220859762,602.3650230072982,909.5870492120018,0.0,0.0
