Date,BreakFast,Dinner,Lunch,Month,Day,IsWeekend,IsHoliday,BreakFast_lag_1d,BreakFast_lag_1w,BreakFast_lag_1m,Lunch_lag_1d,Lunch_lag_1w,Lunch_lag_1m,Dinner_lag_1d,Dinner_lag_1w,Dinner_lag_1m,DayOfWeek_0,DayOfWeek_1,DayOfWeek_2,DayOfWeek_3,DayOfWeek_4,DayOfWeek_5,DayOfWeek_6
2023-01-31,18571.0,2017.5,810.0,1,31,0,0,16866.0,18727.0,21807.0,2213.66,460.0,415.0,6194.4,2164.0,4395.0,0,1,0,0,0,0,0
2023-02-01,19690.5,2460.0,2662.0,2,1,0,0,18571.0,18909.0,20060.0,810.0,265.0,575.0,2017.5,5607.0,2958.0,0,0,1,0,0,0,0
2023-02-02,16773.0,7078.0,3682.0,2,2,0,0,19690.5,16259.0,19108.0,2662.0,290.0,735.0,2460.0,4537.0,3064.5,0,0,0,1,0,0,0
2023-02-03,17295.0,10907.52,407.0,2,3,1,0,16773.0,18920.0,19607.0,3682.0,1295.0,185.0,7078.0,10384.48,2584.5,0,0,0,0,1,0,0
2023-02-04,16846.0,2917.0,840.0,2,4,1,0,17295.0,22742.0,19086.0,407.0,40.0,462.0,10907.52,758.0,5348.0,0,0,0,0,0,1,0
2023-02-05,16334.0,17585.0,1896.0,2,5,0,0,16846.0,17135.0,19867.0,840.0,741.0,1425.0,2917.0,4076.0,21995.8,0,0,0,0,0,0,1
2023-02-06,17862.0,2203.0,2202.0,2,6,0,0,16334.0,16866.0,21957.0,1896.0,2213.66,0.0,17585.0,6194.4,2713.0,1,0,0,0,0,0,0
2023-02-07,18771.0,2008.0,762.0,2,7,0,0,17862.0,18571.0,12983.0,2202.0,810.0,590.0,2203.0,2017.5,1425.0,0,1,0,0,0,0,0
2023-02-08,18141.0,4136.0,495.0,2,8,0,0,18771.0,19690.5,12673.0,762.0,2662.0,207.5,2008.0,2460.0,1785.25,0,0,1,0,0,0,0
2023-02-09,18550.0,1464.0,1365.0,2,9,0,0,18141.0,16773.0,13339.0,495.0,3682.0,351.0,4136.0,7078.0,3809.5,0,0,0,1,0,0,0
2023-02-10,20402.0,15187.92,782.0,2,10,1,0,18550.0,17295.0,13176.0,1365.0,407.0,150.0,1464.0,10907.52,1178.0,0,0,0,0,1,0,0
2023-02-11,16293.0,2092.0,357.0,2,11,1,0,20402.0,16846.0,12376.0,782.0,840.0,525.0,15187.92,2917.0,620.0,0,0,0,0,0,1,0
2023-02-12,14957.0,2445.0,918.0,2,12,0,0,16293.0,16334.0,11347.0,357.0,1896.0,1290.25,2092.0,17585.0,10272.74,0,0,0,0,0,0,1
2023-02-13,17477.0,2098.0,1136.0,2,13,0,0,14957.0,17862.0,12293.0,918.0,2202.0,1435.0,2445.0,2203.0,1370.0,1,0,0,0,0,0,0
2023-02-14,16850.0,23947.08,1570.0,2,14,0,0,17477.0,18771.0,15294.0,1136.0,762.0,510.0,2098.0,2008.0,726.0,0,1,0,0,0,0,0
2023-02-15,19403.0,1695.0,640.0,2,15,0,0,16850.0,18141.0,13783.0,1570.0,495.0,4625.0,23947.08,4136.0,1774.0,0,0,1,0,0,0,0
2023-02-16,19452.0,830.0,428.5,2,16,0,0,19403.0,18550.0,17330.0,640.0,1365.0,525.0,1695.0,1464.0,2472.0,0,0,0,1,0,0,0
2023-02-17,18313.0,11107.76,1380.0,2,17,1,0,19452.0,20402.0,17257.0,428.5,782.0,1055.0,830.0,15187.92,765.0,0,0,0,0,1,0,0
2023-02-18,14888.0,1086.0,787.0,2,18,1,0,18313.0,16293.0,18672.0,1380.0,357.0,160.0,11107.76,2092.0,1181.0,0,0,0,0,0,1,0
2023-02-19,17090.0,1487.0,1061.0,2,19,0,0,14888.0,14957.0,14022.0,787.0,918.0,258.0,1086.0,2445.0,10776.56,0,0,0,0,0,0,1
2023-02-20,16477.0,1505.0,395.0,2,20,0,0,17090.0,17477.0,17625.0,1061.0,1136.0,0.0,1487.0,2098.0,2330.0,1,0,0,0,0,0,0
2023-02-21,16938.0,2163.0,485.0,2,21,0,0,16477.0,16850.0,15701.0,395.0,1570.0,1022.0,1505.0,23947.08,900.0,0,1,0,0,0,0,0
2023-02-22,22794.0,34695.0,1688.0,2,22,0,0,16938.0,19403.0,15775.0,485.0,640.0,840.0,2163.0,1695.0,1177.0,0,0,1,0,0,0,0
2023-02-23,17627.0,2870.0,1235.0,2,23,0,0,22794.0,19452.0,18727.0,1688.0,428.5,460.0,34695.0,830.0,2164.0,0,0,0,1,0,0,0
2023-02-24,17211.0,19401.2,1255.0,2,24,1,0,17627.0,18313.0,18909.0,1235.0,1380.0,265.0,2870.0,11107.76,5607.0,0,0,0,0,1,0,0
2023-02-25,5112.0,3520.0,400.0,2,25,1,0,17211.0,14888.0,16259.0,1255.0,787.0,290.0,19401.2,1086.0,4537.0,0,0,0,0,0,1,0
2023-02-26,19405.0,2178.0,730.0,2,26,0,0,5112.0,17090.0,18920.0,400.0,1061.0,1295.0,3520.0,1487.0,10384.48,0,0,0,0,0,0,1
2023-02-27,16807.0,2144.0,1135.0,2,27,0,0,19405.0,16477.0,22742.0,730.0,395.0,40.0,2178.0,1505.0,758.0,1,0,0,0,0,0,0
2023-02-28,16958.5,2916.0,1542.0,2,28,0,0,16807.0,16938.0,17135.0,1135.0,485.0,741.0,2144.0,2163.0,4076.0,0,1,0,0,0,0,0
2023-03-01,17431.0,3387.0,1505.0,3,1,0,0,16958.5,22794.0,16866.0,1542.0,1688.0,2213.66,2916.0,34695.0,6194.4,0,0,1,0,0,0,0
2023-03-02,18635.0,2690.0,1302.0,3,2,0,0,17431.0,17627.0,18571.0,1505.0,1235.0,810.0,3387.0,2870.0,2017.5,0,0,0,1,0,0,0
2023-03-03,18402.0,15048.76,260.0,3,3,1,0,18635.0,17211.0,19690.5,1302.0,1255.0,2662.0,2690.0,19401.2,2460.0,0,0,0,0,1,0,0
2023-03-04,19767.0,3255.0,555.5,3,4,1,0,18402.0,5112.0,16773.0,260.0,400.0,3682.0,15048.76,3520.0,7078.0,0,0,0,0,0,1,0
2023-03-05,19031.0,2532.0,250.0,3,5,0,0,19767.0,19405.0,17295.0,555.5,730.0,407.0,3255.0,2178.0,10907.52,0,0,0,0,0,0,1
2023-03-06,15263.0,1909.0,1453.5,3,6,0,0,19031.0,16807.0,16846.0,250.0,1135.0,840.0,2532.0,2144.0,2917.0,1,0,0,0,0,0,0
2023-03-07,16855.0,2641.0,1586.0,3,7,0,0,15263.0,16958.5,16334.0,1453.5,1542.0,1896.0,1909.0,2916.0,17585.0,0,1,0,0,0,0,0
2023-03-08,16412.0,2488.0,655.0,3,8,0,0,16855.0,17431.0,17862.0,1586.0,1505.0,2202.0,2641.0,3387.0,2203.0,0,0,1,0,0,0,0
2023-03-09,17760.0,14745.0,1610.0,3,9,0,0,16412.0,18635.0,18771.0,655.0,1302.0,762.0,2488.0,2690.0,2008.0,0,0,0,1,0,0,0
2023-03-10,15564.0,11977.68,760.0,3,10,1,0,17760.0,18402.0,18141.0,1610.0,260.0,495.0,14745.0,15048.76,4136.0,0,0,0,0,1,0,0
2023-03-11,14904.0,4441.0,768.0,3,11,1,0,15564.0,19767.0,18550.0,760.0,555.5,1365.0,11977.68,3255.0,1464.0,0,0,0,0,0,1,0
2023-03-12,15144.0,3181.0,455.0,3,12,0,0,14904.0,19031.0,20402.0,768.0,250.0,782.0,4441.0,2532.0,15187.92,0,0,0,0,0,0,1
2023-03-13,17439.0,2396.0,795.0,3,13,0,0,15144.0,15263.0,16293.0,455.0,1453.5,357.0,3181.0,1909.0,2092.0,1,0,0,0,0,0,0
2023-03-14,17199.0,2362.0,1085.0,3,14,0,0,17439.0,16855.0,14957.0,795.0,1586.0,918.0,2396.0,2641.0,2445.0,0,1,0,0,0,0,0
2023-03-15,18067.0,2799.0,660.0,3,15,0,0,17199.0,16412.0,17477.0,1085.0,655.0,1136.0,2362.0,2488.0,2098.0,0,0,1,0,0,0,0
2023-03-16,14758.0,10686.0,5590.0,3,16,0,0,18067.0,17760.0,16850.0,660.0,1610.0,1570.0,2799.0,14745.0,23947.08,0,0,0,1,0,0,0
2023-03-17,14980.0,11208.2,1819.0,3,17,1,0,14758.0,15564.0,19403.0,5590.0,760.0,640.0,10686.0,11977.68,1695.0,0,0,0,0,1,0,0
2023-03-18,19840.0,2593.0,1055.0,3,18,1,0,14980.0,14904.0,19452.0,1819.0,768.0,428.5,11208.2,4441.0,830.0,0,0,0,0,0,1,0
2023-03-19,15982.0,735.0,1524.0,3,19,0,0,19840.0,15144.0,18313.0,1055.0,455.0,1380.0,2593.0,3181.0,11107.76,0,0,0,0,0,0,1
2023-03-20,18441.0,1162.5,2462.5,3,20,0,0,15982.0,17439.0,14888.0,1524.0,795.0,787.0,735.0,2396.0,1086.0,1,0,0,0,0,0,0
2023-03-21,16295.0,2321.0,1315.0,3,21,0,0,18441.0,17199.0,17090.0,2462.5,1085.0,1061.0,1162.5,2362.0,1487.0,0,1,0,0,0,0,0
2023-03-22,15220.0,4132.75,196.0,3,22,0,0,16295.0,18067.0,16477.0,1315.0,660.0,395.0,2321.0,2799.0,1505.0,0,0,1,0,0,0,0
2023-03-23,16332.0,9473.5,289.0,3,23,0,0,15220.0,14758.0,16938.0,196.0,5590.0,485.0,4132.75,10686.0,2163.0,0,0,0,1,0,0,0
2023-03-24,14344.0,14109.32,145.0,3,24,1,0,16332.0,14980.0,22794.0,289.0,1819.0,1688.0,9473.5,11208.2,34695.0,0,0,0,0,1,0,0
2023-03-25,14791.0,16519.8,0.0,3,25,1,0,14344.0,19840.0,17627.0,145.0,1055.0,1235.0,14109.32,2593.0,2870.0,0,0,0,0,0,1,0
2023-03-26,13152.0,9921.56,198.0,3,26,0,0,14791.0,15982.0,17211.0,0.0,1524.0,1255.0,16519.8,735.0,19401.2,0,0,0,0,0,0,1
2023-03-27,14995.0,5750.52,0.0,3,27,0,0,13152.0,18441.0,5112.0,198.0,2462.5,400.0,9921.56,1162.5,3520.0,1,0,0,0,0,0,0
2023-03-28,15816.0,8448.12,323.0,3,28,0,0,14995.0,16295.0,19405.0,0.0,1315.0,730.0,5750.52,2321.0,2178.0,0,1,0,0,0,0,0
2023-03-29,18589.0,8470.4,347.0,3,29,0,0,15816.0,15220.0,16807.0,323.0,196.0,1135.0,8448.12,4132.75,2144.0,0,0,1,0,0,0,0
2023-03-30,15887.0,15235.94,174.0,3,30,0,0,18589.0,16332.0,16958.5,347.0,289.0,1542.0,8470.4,9473.5,2916.0,0,0,0,1,0,0,0
2023-03-31,13548.0,19934.64,180.0,3,31,1,0,15887.0,14344.0,17431.0,174.0,145.0,1505.0,15235.94,14109.32,3387.0,0,0,0,0,1,0,0
2023-04-01,17861.0,14417.64,1200.0,4,1,1,0,13548.0,14791.0,18635.0,180.0,0.0,1302.0,19934.64,16519.8,2690.0,0,0,0,0,0,1,0
2023-04-02,16471.0,12484.8,325.0,4,2,0,0,17861.0,13152.0,18402.0,1200.0,198.0,260.0,14417.64,9921.56,15048.76,0,0,0,0,0,0,1
2023-04-03,14895.0,29247.0,1004.0,4,3,0,0,16471.0,14995.0,19767.0,325.0,0.0,555.5,12484.8,5750.52,3255.0,1,0,0,0,0,0,0
2023-04-04,9923.0,13135.2,1566.0,4,4,0,0,14895.0,15816.0,19031.0,1004.0,323.0,250.0,29247.0,8448.12,2532.0,0,1,0,0,0,0,0
2023-04-05,7081.0,14418.0,1141.0,4,5,0,0,9923.0,18589.0,15263.0,1566.0,347.0,1453.5,13135.2,8470.4,1909.0,0,0,1,0,0,0,0
2023-04-06,10519.0,17077.4,367.0,4,6,0,0,7081.0,15887.0,16855.0,1141.0,174.0,1586.0,14418.0,15235.94,2641.0,0,0,0,1,0,0,0
2023-04-07,11038.0,23387.0,935.0,4,7,1,0,10519.0,13548.0,16412.0,367.0,180.0,655.0,17077.4,19934.64,2488.0,0,0,0,0,1,0,0
2023-04-08,13318.0,22201.0,789.0,4,8,1,0,11038.0,17861.0,17760.0,935.0,1200.0,1610.0,23387.0,14417.64,14745.0,0,0,0,0,0,1,0
2023-04-09,12185.0,17627.8,0.0,4,9,0,0,13318.0,16471.0,15564.0,789.0,325.0,760.0,22201.0,12484.8,11977.68,0,0,0,0,0,0,1
2023-04-10,11111.0,23503.0,0.0,4,10,0,0,12185.0,14895.0,14904.0,0.0,1004.0,768.0,17627.8,29247.0,4441.0,1,0,0,0,0,0,0
2023-04-11,11364.0,39920.2,75.0,4,11,0,0,11111.0,9923.0,15144.0,0.0,1566.0,455.0,23503.0,13135.2,3181.0,0,1,0,0,0,0,0
2023-04-12,13394.0,18116.4,190.0,4,12,0,0,11364.0,7081.0,17439.0,75.0,1141.0,795.0,39920.2,14418.0,2396.0,0,0,1,0,0,0,0
2023-04-13,12025.0,13331.6,0.0,4,13,0,0,13394.0,10519.0,17199.0,190.0,367.0,1085.0,18116.4,17077.4,2362.0,0,0,0,1,0,0,0
2023-04-14,17002.0,27212.0,464.0,4,14,1,0,12025.0,11038.0,18067.0,0.0,935.0,660.0,13331.6,23387.0,2799.0,0,0,0,0,1,0,0
2023-04-15,9359.0,14388.6,683.0,4,15,1,0,17002.0,13318.0,14758.0,464.0,789.0,5590.0,27212.0,22201.0,10686.0,0,0,0,0,0,1,0
2023-04-16,11310.0,21040.4,150.0,4,16,0,0,9359.0,12185.0,14980.0,683.0,0.0,1819.0,14388.6,17627.8,11208.2,0,0,0,0,0,0,1
2023-04-17,12895.0,10426.92,260.0,4,17,0,0,11310.0,11111.0,19840.0,150.0,0.0,1055.0,21040.4,23503.0,2593.0,1,0,0,0,0,0,0
2023-04-18,7988.0,23422.2,0.0,4,18,0,0,12895.0,11364.0,15982.0,260.0,75.0,1524.0,10426.92,39920.2,735.0,0,1,0,0,0,0,0
2023-04-19,13009.0,24079.2,200.0,4,19,0,0,7988.0,13394.0,18441.0,0.0,190.0,2462.5,23422.2,18116.4,1162.5,0,0,1,0,0,0,0
2023-04-20,10591.0,11912.2,615.0,4,20,0,1,13009.0,12025.0,16295.0,200.0,0.0,1315.0,24079.2,13331.6,2321.0,0,0,0,1,0,0,0
2023-04-21,12203.0,1470.0,1430.0,4,21,1,1,10591.0,17002.0,15220.0,615.0,464.0,196.0,11912.2,27212.0,4132.75,0,0,0,0,1,0,0
2023-04-22,15793.0,2428.0,510.0,4,22,1,1,12203.0,9359.0,16332.0,1430.0,683.0,289.0,1470.0,14388.6,9473.5,0,0,0,0,0,1,0
2023-04-23,15910.0,2396.0,355.0,4,23,0,1,15793.0,11310.0,14344.0,510.0,150.0,145.0,2428.0,21040.4,14109.32,0,0,0,0,0,0,1
2023-04-24,14848.0,1340.0,1032.0,4,24,0,0,15910.0,12895.0,14791.0,355.0,260.0,0.0,2396.0,10426.92,16519.8,1,0,0,0,0,0,0
2023-04-25,15814.0,2225.0,663.5,4,25,0,0,14848.0,7988.0,13152.0,1032.0,0.0,198.0,1340.0,23422.2,9921.56,0,1,0,0,0,0,0
2023-04-26,15319.0,2924.0,545.0,4,26,0,0,15814.0,13009.0,14995.0,663.5,200.0,0.0,2225.0,24079.2,5750.52,0,0,1,0,0,0,0
2023-04-27,15588.0,2776.0,2601.0,4,27,0,0,15319.0,10591.0,15816.0,545.0,615.0,323.0,2924.0,11912.2,8448.12,0,0,0,1,0,0,0
2023-04-28,16737.0,10442.8,745.0,4,28,1,0,15588.0,12203.0,18589.0,2601.0,1430.0,347.0,2776.0,1470.0,8470.4,0,0,0,0,1,0,0
2023-04-29,16970.0,850.0,675.0,4,29,1,0,16737.0,15793.0,15887.0,745.0,510.0,174.0,10442.8,2428.0,15235.94,0,0,0,0,0,1,0
2023-04-30,16038.1,897.0,50.0,4,30,0,0,16970.0,15910.0,13548.0,675.0,355.0,180.0,850.0,2396.0,19934.64,0,0,0,0,0,0,1
2023-05-01,18054.0,2410.0,741.0,5,1,0,0,16038.1,14848.0,17861.0,50.0,1032.0,1200.0,897.0,1340.0,14417.64,1,0,0,0,0,0,0
2023-05-02,18136.0,2847.0,470.5,5,2,0,0,18054.0,15814.0,16471.0,741.0,663.5,325.0,2410.0,2225.0,12484.8,0,1,0,0,0,0,0
2023-05-03,16469.0,1200.0,775.0,5,3,0,0,18136.0,15319.0,14895.0,470.5,545.0,1004.0,2847.0,2924.0,29247.0,0,0,1,0,0,0,0
2023-05-04,17328.0,2295.0,1192.0,5,4,0,0,16469.0,15588.0,9923.0,775.0,2601.0,1566.0,1200.0,2776.0,13135.2,0,0,0,1,0,0,0
2023-05-05,16143.0,10583.04,855.0,5,5,1,0,17328.0,16737.0,7081.0,1192.0,745.0,1141.0,2295.0,10442.8,14418.0,0,0,0,0,1,0,0
2023-05-06,17194.0,1551.5,482.0,5,6,1,0,16143.0,16970.0,10519.0,855.0,675.0,367.0,10583.04,850.0,17077.4,0,0,0,0,0,1,0
2023-05-07,14995.0,2059.0,265.0,5,7,0,0,17194.0,16038.1,11038.0,482.0,50.0,935.0,1551.5,897.0,23387.0,0,0,0,0,0,0,1
2023-05-08,16255.0,3297.0,777.0,5,8,0,0,14995.0,18054.0,13318.0,265.0,741.0,789.0,2059.0,2410.0,22201.0,1,0,0,0,0,0,0
2023-05-09,16239.0,1060.0,2885.0,5,9,0,0,16255.0,18136.0,12185.0,777.0,470.5,0.0,3297.0,2847.0,17627.8,0,1,0,0,0,0,0
2023-05-10,16080.0,2693.0,1350.0,5,10,0,0,16239.0,16469.0,11111.0,2885.0,775.0,0.0,1060.0,1200.0,23503.0,0,0,1,0,0,0,0
2023-05-11,16293.0,1499.0,1120.0,5,11,0,0,16080.0,17328.0,11364.0,1350.0,1192.0,75.0,2693.0,2295.0,39920.2,0,0,0,1,0,0,0
2023-05-12,16108.0,10231.96,278.0,5,12,1,0,16293.0,16143.0,13394.0,1120.0,855.0,190.0,1499.0,10583.04,18116.4,0,0,0,0,1,0,0
2023-05-13,18809.0,1571.0,825.0,5,13,1,0,16108.0,17194.0,12025.0,278.0,482.0,0.0,10231.96,1551.5,13331.6,0,0,0,0,0,1,0
2023-05-14,14960.0,1323.0,1212.5,5,14,0,0,18809.0,14995.0,17002.0,825.0,265.0,464.0,1571.0,2059.0,27212.0,0,0,0,0,0,0,1
2023-05-15,16739.0,2842.0,994.0,5,15,0,0,14960.0,16255.0,9359.0,1212.5,777.0,683.0,1323.0,3297.0,14388.6,1,0,0,0,0,0,0
2023-05-16,15700.0,7537.0,485.0,5,16,0,0,16739.0,16239.0,11310.0,994.0,2885.0,150.0,2842.0,1060.0,21040.4,0,1,0,0,0,0,0
2023-05-17,15795.0,2890.0,4530.0,5,17,0,0,15700.0,16080.0,12895.0,485.0,1350.0,260.0,7537.0,2693.0,10426.92,0,0,1,0,0,0,0
2023-05-18,15312.0,2523.0,1415.0,5,18,0,0,15795.0,16293.0,7988.0,4530.0,1120.0,0.0,2890.0,1499.0,23422.2,0,0,0,1,0,0,0
2023-05-19,15563.0,9856.3,1405.0,5,19,1,0,15312.0,16108.0,13009.0,1415.0,278.0,200.0,2523.0,10231.96,24079.2,0,0,0,0,1,0,0
2023-05-20,17144.0,1415.0,3295.8,5,20,1,0,15563.0,18809.0,10591.0,1405.0,825.0,615.0,9856.3,1571.0,11912.2,0,0,0,0,0,1,0
2023-05-21,17443.0,3394.66,505.0,5,21,0,0,17144.0,14960.0,12203.0,3295.8,1212.5,1430.0,1415.0,1323.0,1470.0,0,0,0,0,0,0,1
2023-05-22,15209.0,2458.0,565.0,5,22,0,0,17443.0,16739.0,15793.0,505.0,994.0,510.0,3394.66,2842.0,2428.0,1,0,0,0,0,0,0
2023-05-23,18165.0,5856.0,3516.5,5,23,0,0,15209.0,15700.0,15910.0,565.0,485.0,355.0,2458.0,7537.0,2396.0,0,1,0,0,0,0,0
2023-05-24,16616.0,4050.0,1470.0,5,24,0,0,18165.0,15795.0,14848.0,3516.5,4530.0,1032.0,5856.0,2890.0,1340.0,0,0,1,0,0,0,0
2023-05-25,16128.0,3359.0,2580.0,5,25,0,0,16616.0,15312.0,15814.0,1470.0,1415.0,663.5,4050.0,2523.0,2225.0,0,0,0,1,0,0,0
2023-05-26,15740.0,12641.14,2920.0,5,26,1,0,16128.0,15563.0,15319.0,2580.0,1405.0,545.0,3359.0,9856.3,2924.0,0,0,0,0,1,0,0
2023-05-27,15220.0,2929.0,2634.5,5,27,1,0,15740.0,17144.0,15588.0,2920.0,3295.8,2601.0,12641.14,1415.0,2776.0,0,0,0,0,0,1,0
2023-05-28,18189.0,1555.0,975.0,5,28,0,0,15220.0,17443.0,16737.0,2634.5,505.0,745.0,2929.0,3394.66,10442.8,0,0,0,0,0,0,1
2023-05-29,16626.0,5071.0,1703.0,5,29,0,0,18189.0,15209.0,16970.0,975.0,565.0,675.0,1555.0,2458.0,850.0,1,0,0,0,0,0,0
2023-05-30,16011.0,1740.0,1030.0,5,30,0,0,16626.0,18165.0,16038.1,1703.0,3516.5,50.0,5071.0,5856.0,897.0,0,1,0,0,0,0,0
2023-05-31,15478.0,3057.0,1457.0,5,31,0,0,16011.0,16616.0,18054.0,1030.0,1470.0,741.0,1740.0,4050.0,2410.0,0,0,1,0,0,0,0
2023-06-01,17390.0,4669.0,2145.0,6,1,0,0,15478.0,16128.0,18136.0,1457.0,2580.0,470.5,3057.0,3359.0,2847.0,0,0,0,1,0,0,0
2023-06-02,14185.0,14397.36,1625.0,6,2,1,0,17390.0,15740.0,16469.0,2145.0,2920.0,775.0,4669.0,12641.14,1200.0,0,0,0,0,1,0,0
2023-06-03,16080.0,1093.0,9519.5,6,3,1,0,14185.0,15220.0,17328.0,1625.0,2634.5,1192.0,14397.36,2929.0,2295.0,0,0,0,0,0,1,0
2023-06-04,15315.0,1165.0,875.0,6,4,0,0,16080.0,18189.0,16143.0,9519.5,975.0,855.0,1093.0,1555.0,10583.04,0,0,0,0,0,0,1
2023-06-05,15237.0,3523.0,550.0,6,5,0,0,15315.0,16626.0,17194.0,875.0,1703.0,482.0,1165.0,5071.0,1551.5,1,0,0,0,0,0,0
2023-06-06,14980.0,3048.0,1255.0,6,6,0,0,15237.0,16011.0,14995.0,550.0,1030.0,265.0,3523.0,1740.0,2059.0,0,1,0,0,0,0,0
2023-06-07,14849.0,1018.0,491.0,6,7,0,0,14980.0,15478.0,16255.0,1255.0,1457.0,777.0,3048.0,3057.0,3297.0,0,0,1,0,0,0,0
2023-06-08,14617.0,1507.0,1140.0,6,8,0,0,14849.0,17390.0,16239.0,491.0,2145.0,2885.0,1018.0,4669.0,1060.0,0,0,0,1,0,0,0
2023-06-09,15211.0,18900.9,595.0,6,9,1,0,14617.0,14185.0,16080.0,1140.0,1625.0,1350.0,1507.0,14397.36,2693.0,0,0,0,0,1,0,0
2023-06-10,15107.0,2960.0,4644.8,6,10,1,0,15211.0,16080.0,16293.0,595.0,9519.5,1120.0,18900.9,1093.0,1499.0,0,0,0,0,0,1,0
2023-06-11,15257.0,1645.0,500.0,6,11,0,0,15107.0,15315.0,16108.0,4644.8,875.0,278.0,2960.0,1165.0,10231.96,0,0,0,0,0,0,1
2023-06-12,14587.0,2550.0,512.0,6,12,0,0,15257.0,15237.0,18809.0,500.0,550.0,825.0,1645.0,3523.0,1571.0,1,0,0,0,0,0,0
2023-06-13,11226.0,1240.0,855.0,6,13,0,0,14587.0,14980.0,14960.0,512.0,1255.0,1212.5,2550.0,3048.0,1323.0,0,1,0,0,0,0,0
2023-06-14,12428.0,491.5,195.0,6,14,0,0,11226.0,14849.0,16739.0,855.0,491.0,994.0,1240.0,1018.0,2842.0,0,0,1,0,0,0,0
2023-06-15,11611.0,5149.0,485.0,6,15,0,0,12428.0,14617.0,15700.0,195.0,1140.0,485.0,491.5,1507.0,7537.0,0,0,0,1,0,0,0
2023-06-16,11707.0,12925.0,165.0,6,16,1,0,11611.0,15211.0,15795.0,485.0,595.0,4530.0,5149.0,18900.9,2890.0,0,0,0,0,1,0,0
2023-06-17,11508.0,1962.0,8578.2,6,17,1,0,11707.0,15107.0,15312.0,165.0,4644.8,1415.0,12925.0,2960.0,2523.0,0,0,0,0,0,1,0
2023-06-18,11907.0,2172.5,1330.0,6,18,0,0,11508.0,15257.0,15563.0,8578.2,500.0,1405.0,1962.0,1645.0,9856.3,0,0,0,0,0,0,1
2023-06-19,12650.0,1528.0,2734.0,6,19,0,0,11907.0,14587.0,17144.0,1330.0,512.0,3295.8,2172.5,2550.0,1415.0,1,0,0,0,0,0,0
2023-06-20,11145.0,1525.0,1135.0,6,20,0,0,12650.0,11226.0,17443.0,2734.0,855.0,505.0,1528.0,1240.0,3394.66,0,1,0,0,0,0,0
2023-06-21,8753.0,3573.0,820.0,6,21,0,0,11145.0,12428.0,15209.0,1135.0,195.0,565.0,1525.0,491.5,2458.0,0,0,1,0,0,0,0
2023-06-22,10406.0,3840.5,2075.0,6,22,0,0,8753.0,11611.0,18165.0,820.0,485.0,3516.5,3573.0,5149.0,5856.0,0,0,0,1,0,0,0
2023-06-23,15213.0,9915.32,620.0,6,23,1,0,10406.0,11707.0,16616.0,2075.0,165.0,1470.0,3840.5,12925.0,4050.0,0,0,0,0,1,0,0
2023-06-24,12232.0,1786.0,5594.2,6,24,1,0,15213.0,11508.0,16128.0,620.0,8578.2,2580.0,9915.32,1962.0,3359.0,0,0,0,0,0,1,0
2023-06-25,13305.0,3666.0,6070.0,6,25,0,0,12232.0,11907.0,15740.0,5594.2,1330.0,2920.0,1786.0,2172.5,12641.14,0,0,0,0,0,0,1
2023-06-26,12306.0,3203.0,1907.0,6,26,0,0,13305.0,12650.0,15220.0,6070.0,2734.0,2634.5,3666.0,1528.0,2929.0,1,0,0,0,0,0,0
2023-06-27,8285.0,3147.0,0.0,6,27,0,0,12306.0,11145.0,18189.0,1907.0,1135.0,975.0,3203.0,1525.0,1555.0,0,1,0,0,0,0,0
2023-06-28,11931.0,4148.7,700.0,6,28,0,1,8285.0,8753.0,16626.0,0.0,820.0,1703.0,3147.0,3573.0,5071.0,0,0,1,0,0,0,0
2023-06-29,10881.0,963.7,775.0,6,29,0,1,11931.0,10406.0,16011.0,700.0,2075.0,1030.0,4148.7,3840.5,1740.0,0,0,0,1,0,0,0
2023-06-30,10693.0,7591.16,405.0,6,30,1,1,10881.0,15213.0,15478.0,775.0,620.0,1457.0,963.7,9915.32,3057.0,0,0,0,0,1,0,0
2023-07-01,11359.0,826.9,2695.45,7,1,1,0,10693.0,12232.0,17390.0,405.0,5594.2,2145.0,7591.16,1786.0,4669.0,0,0,0,0,0,1,0
2023-07-02,13542.0,656.4,0.0,7,2,0,0,11359.0,13305.0,14185.0,2695.45,6070.0,1625.0,826.9,3666.0,14397.36,0,0,0,0,0,0,1
2023-07-03,12550.0,1053.9,400.0,7,3,0,0,13542.0,12306.0,16080.0,0.0,1907.0,9519.5,656.4,3203.0,1093.0,1,0,0,0,0,0,0
2023-07-04,13802.0,1113.9,432.0,7,4,0,0,12550.0,8285.0,15315.0,400.0,0.0,875.0,1053.9,3147.0,1165.0,0,1,0,0,0,0,0
2023-07-05,11394.0,3411.5,854.0,7,5,0,0,13802.0,11931.0,15237.0,432.0,700.0,550.0,1113.9,4148.7,3523.0,0,0,1,0,0,0,0
2023-07-06,11399.0,1335.9,1976.0,7,6,0,0,11394.0,10881.0,14980.0,854.0,775.0,1255.0,3411.5,963.7,3048.0,0,0,0,1,0,0,0
2023-07-07,15352.5,7228.46,972.0,7,7,1,0,11399.0,10693.0,14849.0,1976.0,405.0,491.0,1335.9,7591.16,1018.0,0,0,0,0,1,0,0
2023-07-08,14709.0,1509.5,4037.2,7,8,1,0,15352.5,11359.0,14617.0,972.0,2695.45,1140.0,7228.46,826.9,1507.0,0,0,0,0,0,1,0
2023-07-09,15729.0,1737.0,155.0,7,9,0,0,14709.0,13542.0,15211.0,4037.2,0.0,595.0,1509.5,656.4,18900.9,0,0,0,0,0,0,1
2023-07-10,14949.0,3012.0,2647.0,7,10,0,0,15729.0,12550.0,15107.0,155.0,400.0,4644.8,1737.0,1053.9,2960.0,1,0,0,0,0,0,0
2023-07-11,13442.0,2499.0,915.0,7,11,0,0,14949.0,13802.0,15257.0,2647.0,432.0,500.0,3012.0,1113.9,1645.0,0,1,0,0,0,0,0
2023-07-12,16227.0,1170.0,975.0,7,12,0,0,13442.0,11394.0,14587.0,915.0,854.0,512.0,2499.0,3411.5,2550.0,0,0,1,0,0,0,0
2023-07-13,16223.0,2446.0,1660.0,7,13,0,0,16227.0,11399.0,11226.0,975.0,1976.0,855.0,1170.0,1335.9,1240.0,0,0,0,1,0,0,0
2023-07-14,14726.0,9442.2,915.0,7,14,1,0,16223.0,15352.5,12428.0,1660.0,972.0,195.0,2446.0,7228.46,491.5,0,0,0,0,1,0,0
2023-07-15,14985.0,3272.0,3161.3,7,15,1,0,14726.0,14709.0,11611.0,915.0,4037.2,485.0,9442.2,1509.5,5149.0,0,0,0,0,0,1,0
2023-07-16,15318.0,1685.0,2035.0,7,16,0,0,14985.0,15729.0,11707.0,3161.3,155.0,165.0,3272.0,1737.0,12925.0,0,0,0,0,0,0,1
2023-07-17,15056.0,1596.0,1522.0,7,17,0,0,15318.0,14949.0,11508.0,2035.0,2647.0,8578.2,1685.0,3012.0,1962.0,1,0,0,0,0,0,0
2023-07-18,14795.0,1530.0,1110.0,7,18,0,0,15056.0,13442.0,11907.0,1522.0,915.0,1330.0,1596.0,2499.0,2172.5,0,1,0,0,0,0,0
2023-07-19,14747.0,2030.0,551.0,7,19,0,0,14795.0,16227.0,12650.0,1110.0,975.0,2734.0,1530.0,1170.0,1528.0,0,0,1,0,0,0,0
2023-07-20,14988.0,2384.5,1291.0,7,20,0,0,14747.0,16223.0,11145.0,551.0,1660.0,1135.0,2030.0,2446.0,1525.0,0,0,0,1,0,0,0
2023-07-21,14832.0,17607.18,708.0,7,21,1,0,14988.0,14726.0,8753.0,1291.0,915.0,820.0,2384.5,9442.2,3573.0,0,0,0,0,1,0,0
2023-07-22,15368.0,2363.5,2486.8,7,22,1,0,14832.0,14985.0,10406.0,708.0,3161.3,2075.0,17607.18,3272.0,3840.5,0,0,0,0,0,1,0
2023-07-23,16316.0,4597.0,2295.0,7,23,0,0,15368.0,15318.0,15213.0,2486.8,2035.0,620.0,2363.5,1685.0,9915.32,0,0,0,0,0,0,1
2023-07-24,14832.0,3887.0,5351.0,7,24,0,0,16316.0,15056.0,12232.0,2295.0,1522.0,5594.2,4597.0,1596.0,1786.0,1,0,0,0,0,0,0
2023-07-25,14652.0,4626.0,3197.0,7,25,0,0,14832.0,14795.0,13305.0,5351.0,1110.0,6070.0,3887.0,1530.0,3666.0,0,1,0,0,0,0,0
2023-07-26,16877.0,4661.0,2160.0,7,26,0,0,14652.0,14747.0,12306.0,3197.0,551.0,1907.0,4626.0,2030.0,3203.0,0,0,1,0,0,0,0
2023-07-27,15079.0,3635.0,2651.0,7,27,0,0,16877.0,14988.0,8285.0,2160.0,1291.0,0.0,4661.0,2384.5,3147.0,0,0,0,1,0,0,0
2023-07-28,18530.0,17676.239999999998,510.0,7,28,1,0,15079.0,14832.0,11931.0,2651.0,708.0,700.0,3635.0,17607.18,4148.7,0,0,0,0,1,0,0
2023-07-29,18525.6,3860.0,5990.2,7,29,1,0,18530.0,15368.0,10881.0,510.0,2486.8,775.0,17676.239999999998,2363.5,963.7,0,0,0,0,0,1,0
2023-07-30,16151.0,5225.0,2100.0,7,30,0,0,18525.6,16316.0,10693.0,5990.2,2295.0,405.0,3860.0,4597.0,7591.16,0,0,0,0,0,0,1
2023-07-31,14721.0,3915.0,1865.0,7,31,0,0,16151.0,14832.0,11359.0,2100.0,5351.0,2695.45,5225.0,3887.0,826.9,1,0,0,0,0,0,0
2023-08-01,12789.0,2900.0,490.0,8,1,0,0,14721.0,14652.0,13542.0,1865.0,3197.0,0.0,3915.0,4626.0,656.4,0,1,0,0,0,0,0
2023-08-02,12422.0,3036.0,1480.0,8,2,0,0,12789.0,16877.0,12550.0,490.0,2160.0,400.0,2900.0,4661.0,1053.9,0,0,1,0,0,0,0
2023-08-03,13964.0,1315.0,1513.5,8,3,0,0,12422.0,15079.0,13802.0,1480.0,2651.0,432.0,3036.0,3635.0,1113.9,0,0,0,1,0,0,0
2023-08-04,14589.0,19085.48,505.0,8,4,1,0,13964.0,18530.0,11394.0,1513.5,510.0,854.0,1315.0,17676.239999999998,3411.5,0,0,0,0,1,0,0
2023-08-05,13875.0,1785.0,8510.0,8,5,1,0,14589.0,18525.6,11399.0,505.0,5990.2,1976.0,19085.48,3860.0,1335.9,0,0,0,0,0,1,0
2023-08-06,16364.0,1205.0,635.0,8,6,0,0,13875.0,16151.0,15352.5,8510.0,2100.0,972.0,1785.0,5225.0,7228.46,0,0,0,0,0,0,1
2023-08-07,15337.0,2618.0,2066.0,8,7,0,0,16364.0,14721.0,14709.0,635.0,1865.0,4037.2,1205.0,3915.0,1509.5,1,0,0,0,0,0,0
2023-08-08,15781.0,1110.0,1149.0,8,8,0,0,15337.0,12789.0,15729.0,2066.0,490.0,155.0,2618.0,2900.0,1737.0,0,1,0,0,0,0,0
2023-08-09,16399.0,4090.0,938.0,8,9,0,0,15781.0,12422.0,14949.0,1149.0,1480.0,2647.0,1110.0,3036.0,3012.0,0,0,1,0,0,0,0
2023-08-10,15614.0,1148.5,2019.0,8,10,0,0,16399.0,13964.0,13442.0,938.0,1513.5,915.0,4090.0,1315.0,2499.0,0,0,0,1,0,0,0
2023-08-11,14394.0,13087.84,344.0,8,11,1,0,15614.0,14589.0,16227.0,2019.0,505.0,975.0,1148.5,19085.48,1170.0,0,0,0,0,1,0,0
2023-08-12,13764.0,1750.0,7670.65,8,12,1,0,14394.0,13875.0,16223.0,344.0,8510.0,1660.0,13087.84,1785.0,2446.0,0,0,0,0,0,1,0
2023-08-13,14568.0,1141.0,476.0,8,13,0,0,13764.0,16364.0,14726.0,7670.65,635.0,915.0,1750.0,1205.0,9442.2,0,0,0,0,0,0,1
2023-08-14,14320.0,2137.0,885.0,8,14,0,0,14568.0,15337.0,14985.0,476.0,2066.0,3161.3,1141.0,2618.0,3272.0,1,0,0,0,0,0,0
2023-08-15,14186.0,1946.0,235.0,8,15,0,0,14320.0,15781.0,15318.0,885.0,1149.0,2035.0,2137.0,1110.0,1685.0,0,1,0,0,0,0,0
2023-08-16,14948.5,2838.0,800.0,8,16,0,0,14186.0,16399.0,15056.0,235.0,938.0,1522.0,1946.0,4090.0,1596.0,0,0,1,0,0,0,0
2023-08-17,12486.0,2158.0,3227.0,8,17,0,0,14948.5,15614.0,14795.0,800.0,2019.0,1110.0,2838.0,1148.5,1530.0,0,0,0,1,0,0,0
2023-08-18,15410.0,17205.0,907.0,8,18,1,0,12486.0,14394.0,14747.0,3227.0,344.0,551.0,2158.0,13087.84,2030.0,0,0,0,0,1,0,0
2023-08-19,13815.0,1955.0,9156.4,8,19,1,0,15410.0,13764.0,14988.0,907.0,7670.65,1291.0,17205.0,1750.0,2384.5,0,0,0,0,0,1,0
2023-08-20,15961.0,2345.0,1226.0,8,20,0,0,13815.0,14568.0,14832.0,9156.4,476.0,708.0,1955.0,1141.0,17607.18,0,0,0,0,0,0,1
2023-08-21,14247.0,645.0,1325.0,8,21,0,0,15961.0,14320.0,15368.0,1226.0,885.0,2486.8,2345.0,2137.0,2363.5,1,0,0,0,0,0,0
2023-08-22,16358.0,1844.0,325.0,8,22,0,0,14247.0,14186.0,16316.0,1325.0,235.0,2295.0,645.0,1946.0,4597.0,0,1,0,0,0,0,0
2023-08-23,15763.0,5314.5,2123.0,8,23,0,0,16358.0,14948.5,14832.0,325.0,800.0,5351.0,1844.0,2838.0,3887.0,0,0,1,0,0,0,0
2023-08-24,16654.0,1405.0,800.0,8,24,0,0,15763.0,12486.0,14652.0,2123.0,3227.0,3197.0,5314.5,2158.0,4626.0,0,0,0,1,0,0,0
2023-08-25,16904.0,19946.0,944.0,8,25,1,0,16654.0,15410.0,16877.0,800.0,907.0,2160.0,1405.0,17205.0,4661.0,0,0,0,0,1,0,0
2023-08-26,14858.0,3335.0,13115.0,8,26,1,0,16904.0,13815.0,15079.0,944.0,9156.4,2651.0,19946.0,1955.0,3635.0,0,0,0,0,0,1,0
2023-08-27,13096.0,3290.0,463.0,8,27,0,0,14858.0,15961.0,18530.0,13115.0,1226.0,510.0,3335.0,2345.0,17676.239999999998,0,0,0,0,0,0,1
2023-08-28,13505.0,1186.0,430.0,8,28,0,0,13096.0,14247.0,18525.6,463.0,1325.0,5990.2,3290.0,645.0,3860.0,1,0,0,0,0,0,0
2023-08-29,17267.0,1765.0,148.75,8,29,0,0,13505.0,16358.0,16151.0,430.0,325.0,2100.0,1186.0,1844.0,5225.0,0,1,0,0,0,0,0
2023-08-30,18165.0,2473.5,1556.0,8,30,0,0,17267.0,15763.0,14721.0,148.75,2123.0,1865.0,1765.0,5314.5,3915.0,0,0,1,0,0,0,0
2023-08-31,16264.0,1062.0,622.5,8,31,0,0,18165.0,16654.0,12789.0,1556.0,800.0,490.0,2473.5,1405.0,2900.0,0,0,0,1,0,0,0
2023-09-01,14097.0,14802.44,1456.5,9,1,1,0,16264.0,16904.0,12422.0,622.5,944.0,1480.0,1062.0,19946.0,3036.0,0,0,0,0,1,0,0
2023-09-02,16048.0,2639.0,11887.6,9,2,1,0,14097.0,14858.0,13964.0,1456.5,13115.0,1513.5,14802.44,3335.0,1315.0,0,0,0,0,0,1,0
2023-09-03,13653.0,4851.5,1014.0,9,3,0,0,16048.0,13096.0,14589.0,11887.6,463.0,505.0,2639.0,3290.0,19085.48,0,0,0,0,0,0,1
2023-09-04,13894.0,2215.0,575.0,9,4,0,0,13653.0,13505.0,13875.0,1014.0,430.0,8510.0,4851.5,1186.0,1785.0,1,0,0,0,0,0,0
2023-09-05,14137.0,3105.0,2415.5,9,5,0,0,13894.0,17267.0,16364.0,575.0,148.75,635.0,2215.0,1765.0,1205.0,0,1,0,0,0,0,0
2023-09-06,14510.0,1935.0,648.0,9,6,0,0,14137.0,18165.0,15337.0,2415.5,1556.0,2066.0,3105.0,2473.5,2618.0,0,0,1,0,0,0,0
2023-09-07,16186.0,1160.0,1305.0,9,7,0,0,14510.0,16264.0,15781.0,648.0,622.5,1149.0,1935.0,1062.0,1110.0,0,0,0,1,0,0,0
2023-09-08,15882.0,13530.82,677.5,9,8,1,0,16186.0,14097.0,16399.0,1305.0,1456.5,938.0,1160.0,14802.44,4090.0,0,0,0,0,1,0,0
2023-09-09,15031.0,2492.2,11429.4,9,9,1,0,15882.0,16048.0,15614.0,677.5,11887.6,2019.0,13530.82,2639.0,1148.5,0,0,0,0,0,1,0
2023-09-10,13610.0,2614.5,0.0,9,10,0,0,15031.0,13653.0,14394.0,11429.4,1014.0,344.0,2492.2,4851.5,13087.84,0,0,0,0,0,0,1
2023-09-11,12430.0,4393.0,860.0,9,11,0,0,13610.0,13894.0,13764.0,0.0,575.0,7670.65,2614.5,2215.0,1750.0,1,0,0,0,0,0,0
2023-09-12,13740.0,3481.5,1030.0,9,12,0,0,12430.0,14137.0,14568.0,860.0,2415.5,476.0,4393.0,3105.0,1141.0,0,1,0,0,0,0,0
2023-09-13,15043.0,1926.0,1005.0,9,13,0,0,13740.0,14510.0,14320.0,1030.0,648.0,885.0,3481.5,1935.0,2137.0,0,0,1,0,0,0,0
2023-09-14,15851.0,2816.0,445.0,9,14,0,0,15043.0,16186.0,14186.0,1005.0,1305.0,235.0,1926.0,1160.0,1946.0,0,0,0,1,0,0,0
2023-09-15,15169.0,11939.96,1310.0,9,15,1,0,15851.0,15882.0,14948.5,445.0,677.5,800.0,2816.0,13530.82,2838.0,0,0,0,0,1,0,0
2023-09-16,14653.0,2075.0,17443.4,9,16,1,0,15169.0,15031.0,12486.0,1310.0,11429.4,3227.0,11939.96,2492.2,2158.0,0,0,0,0,0,1,0
2023-09-17,13620.0,2157.0,1078.0,9,17,0,0,14653.0,13610.0,15410.0,17443.4,0.0,907.0,2075.0,2614.5,17205.0,0,0,0,0,0,0,1
2023-09-18,15299.0,2938.0,170.0,9,18,0,0,13620.0,12430.0,13815.0,1078.0,860.0,9156.4,2157.0,4393.0,1955.0,1,0,0,0,0,0,0
2023-09-19,13362.0,3107.0,1908.0,9,19,0,0,15299.0,13740.0,15961.0,170.0,1030.0,1226.0,2938.0,3481.5,2345.0,0,1,0,0,0,0,0
2023-09-20,14290.0,3107.0,520.0,9,20,0,0,13362.0,15043.0,14247.0,1908.0,1005.0,1325.0,3107.0,1926.0,645.0,0,0,1,0,0,0,0
2023-09-21,17504.0,2150.0,465.0,9,21,0,0,14290.0,15851.0,16358.0,520.0,445.0,325.0,3107.0,2816.0,1844.0,0,0,0,1,0,0,0
2023-09-22,17492.0,9465.48,894.0,9,22,1,0,17504.0,15169.0,15763.0,465.0,1310.0,2123.0,2150.0,11939.96,5314.5,0,0,0,0,1,0,0
2023-09-23,16899.0,951.0,11371.8,9,23,1,0,17492.0,14653.0,16654.0,894.0,17443.4,800.0,9465.48,2075.0,1405.0,0,0,0,0,0,1,0
2023-09-24,15163.0,940.0,1985.0,9,24,0,0,16899.0,13620.0,16904.0,11371.8,1078.0,944.0,951.0,2157.0,19946.0,0,0,0,0,0,0,1
2023-09-25,14285.0,1327.5,7416.0,9,25,0,0,15163.0,15299.0,14858.0,1985.0,170.0,13115.0,940.0,2938.0,3335.0,1,0,0,0,0,0,0
2023-09-26,14295.0,16461.0,1080.0,9,26,0,0,14285.0,13362.0,13096.0,7416.0,1908.0,463.0,1327.5,3107.0,3290.0,0,1,0,0,0,0,0
2023-09-27,13306.0,395.0,2795.0,9,27,0,0,14295.0,14290.0,13505.0,1080.0,520.0,430.0,16461.0,3107.0,1186.0,0,0,1,0,0,0,0
2023-09-28,14164.0,2728.0,1070.0,9,28,0,0,13306.0,17504.0,17267.0,2795.0,465.0,148.75,395.0,2150.0,1765.0,0,0,0,1,0,0,0
2023-09-29,14700.0,15581.8,270.0,9,29,1,0,14164.0,17492.0,18165.0,1070.0,894.0,1556.0,2728.0,9465.48,2473.5,0,0,0,0,1,0,0
2023-09-30,14807.0,4390.0,12094.2,9,30,1,0,14700.0,16899.0,16264.0,270.0,11371.8,622.5,15581.8,951.0,1062.0,0,0,0,0,0,1,0
2023-10-01,13996.0,2483.5,1185.0,10,1,0,0,14807.0,15163.0,14097.0,12094.2,1985.0,1456.5,4390.0,940.0,14802.44,0,0,0,0,0,0,1
2023-10-02,13681.0,2170.5,1195.0,10,2,0,0,13996.0,14285.0,16048.0,1185.0,7416.0,11887.6,2483.5,1327.5,2639.0,1,0,0,0,0,0,0
2023-10-03,14439.0,2358.0,2689.0,10,3,0,0,13681.0,14295.0,13653.0,1195.0,1080.0,1014.0,2170.5,16461.0,4851.5,0,1,0,0,0,0,0
2023-10-04,14986.0,3328.0,1775.0,10,4,0,0,14439.0,13306.0,13894.0,2689.0,2795.0,575.0,2358.0,395.0,2215.0,0,0,1,0,0,0,0
2023-10-05,14470.0,5146.0,297.5,10,5,0,0,14986.0,14164.0,14137.0,1775.0,1070.0,2415.5,3328.0,2728.0,3105.0,0,0,0,1,0,0,0
2023-10-06,13522.0,13103.52,935.0,10,6,1,0,14470.0,14700.0,14510.0,297.5,270.0,648.0,5146.0,15581.8,1935.0,0,0,0,0,1,0,0
2023-10-07,13643.0,505.0,12347.4,10,7,1,0,13522.0,14807.0,16186.0,935.0,12094.2,1305.0,13103.52,4390.0,1160.0,0,0,0,0,0,1,0
2023-10-08,11522.0,11425.0,285.0,10,8,0,0,13643.0,13996.0,15882.0,12347.4,1185.0,677.5,505.0,2483.5,13530.82,0,0,0,0,0,0,1
2023-10-09,14317.0,2426.0,1140.0,10,9,0,0,11522.0,13681.0,15031.0,285.0,1195.0,11429.4,11425.0,2170.5,2492.2,1,0,0,0,0,0,0
2023-10-10,10882.0,1725.0,1550.0,10,10,0,0,14317.0,14439.0,13610.0,1140.0,2689.0,0.0,2426.0,2358.0,2614.5,0,1,0,0,0,0,0
2023-10-11,11403.0,995.0,623.0,10,11,0,0,10882.0,14986.0,12430.0,1550.0,1775.0,860.0,1725.0,3328.0,4393.0,0,0,1,0,0,0,0
2023-10-12,10472.0,1635.0,2240.0,10,12,0,0,11403.0,14470.0,13740.0,623.0,297.5,1030.0,995.0,5146.0,3481.5,0,0,0,1,0,0,0
2023-10-13,9849.0,9166.0,320.0,10,13,1,0,10472.0,13522.0,15043.0,2240.0,935.0,1005.0,1635.0,13103.52,1926.0,0,0,0,0,1,0,0
2023-10-14,9863.0,2088.0,8622.6,10,14,1,0,9849.0,13643.0,15851.0,320.0,12347.4,445.0,9166.0,505.0,2816.0,0,0,0,0,0,1,0
2023-10-15,12563.0,1465.0,1266.0,10,15,0,0,9863.0,11522.0,15169.0,8622.6,285.0,1310.0,2088.0,11425.0,11939.96,0,0,0,0,0,0,1
2023-10-16,12114.0,1185.0,2565.0,10,16,0,0,12563.0,14317.0,14653.0,1266.0,1140.0,17443.4,1465.0,2426.0,2075.0,1,0,0,0,0,0,0
2023-10-17,12851.0,1032.0,1622.5,10,17,0,0,12114.0,10882.0,13620.0,2565.0,1550.0,1078.0,1185.0,1725.0,2157.0,0,1,0,0,0,0,0
2023-10-18,14142.0,4283.0,520.0,10,18,0,0,12851.0,11403.0,15299.0,1622.5,623.0,170.0,1032.0,995.0,2938.0,0,0,1,0,0,0,0
2023-10-19,13366.0,2015.0,2040.0,10,19,0,0,14142.0,10472.0,13362.0,520.0,2240.0,1908.0,4283.0,1635.0,3107.0,0,0,0,1,0,0,0
2023-10-20,15533.0,12606.82,636.0,10,20,1,0,13366.0,9849.0,14290.0,2040.0,320.0,520.0,2015.0,9166.0,3107.0,0,0,0,0,1,0,0
2023-10-21,15133.0,7760.2,10441.8,10,21,1,0,15533.0,9863.0,17504.0,636.0,8622.6,465.0,12606.82,2088.0,2150.0,0,0,0,0,0,1,0
2023-10-22,14639.5,2335.0,1066.0,10,22,0,0,15133.0,12563.0,17492.0,10441.8,1266.0,894.0,7760.2,1465.0,9465.48,0,0,0,0,0,0,1
2023-10-23,13177.0,1932.0,2412.0,10,23,0,0,14639.5,12114.0,16899.0,1066.0,2565.0,11371.8,2335.0,1185.0,951.0,1,0,0,0,0,0,0
2023-10-24,14091.0,4314.0,1023.0,10,24,0,0,13177.0,12851.0,15163.0,2412.0,1622.5,1985.0,1932.0,1032.0,940.0,0,1,0,0,0,0,0
2023-10-25,15182.0,1880.0,1086.0,10,25,0,0,14091.0,14142.0,14285.0,1023.0,520.0,7416.0,4314.0,4283.0,1327.5,0,0,1,0,0,0,0
2023-10-26,17846.0,3910.0,677.0,10,26,0,0,15182.0,13366.0,14295.0,1086.0,2040.0,1080.0,1880.0,2015.0,16461.0,0,0,0,1,0,0,0
2023-10-27,15815.0,16738.32,385.0,10,27,1,0,17846.0,15533.0,13306.0,677.0,636.0,2795.0,3910.0,12606.82,395.0,0,0,0,0,1,0,0
2023-10-28,14392.0,1893.0,6231.6,10,28,1,0,15815.0,15133.0,14164.0,385.0,10441.8,1070.0,16738.32,7760.2,2728.0,0,0,0,0,0,1,0
2023-10-29,13552.0,2029.0,566.0,10,29,0,0,14392.0,14639.5,14700.0,6231.6,1066.0,270.0,1893.0,2335.0,15581.8,0,0,0,0,0,0,1
2023-10-30,21454.0,2511.0,1749.0,10,30,0,0,13552.0,13177.0,14807.0,566.0,2412.0,12094.2,2029.0,1932.0,4390.0,1,0,0,0,0,0,0
2023-10-31,19598.0,1859.0,1805.0,10,31,0,0,21454.0,14091.0,13996.0,1749.0,1023.0,1185.0,2511.0,4314.0,2483.5,0,1,0,0,0,0,0
2023-11-01,21214.0,3101.5,737.0,11,1,0,0,19598.0,15182.0,13681.0,1805.0,1086.0,1195.0,1859.0,1880.0,2170.5,0,0,1,0,0,0,0
2023-11-02,20580.0,2655.0,490.0,11,2,0,0,21214.0,17846.0,14439.0,737.0,677.0,2689.0,3101.5,3910.0,2358.0,0,0,0,1,0,0,0
2023-11-03,14302.0,11069.5,272.5,11,3,1,0,20580.0,15815.0,14986.0,490.0,385.0,1775.0,2655.0,16738.32,3328.0,0,0,0,0,1,0,0
2023-11-04,12245.0,3022.0,9357.6,11,4,1,0,14302.0,14392.0,14470.0,272.5,6231.6,297.5,11069.5,1893.0,5146.0,0,0,0,0,0,1,0
2023-11-05,13954.0,2495.0,789.0,11,5,0,0,12245.0,13552.0,13522.0,9357.6,566.0,935.0,3022.0,2029.0,13103.52,0,0,0,0,0,0,1
2023-11-06,12901.0,3582.0,470.0,11,6,0,0,13954.0,21454.0,13643.0,789.0,1749.0,12347.4,2495.0,2511.0,505.0,1,0,0,0,0,0,0
2023-11-07,14624.0,2146.5,1345.0,11,7,0,0,12901.0,19598.0,11522.0,470.0,1805.0,285.0,3582.0,1859.0,11425.0,0,1,0,0,0,0,0
2023-11-08,14996.0,3159.5,765.0,11,8,0,0,14624.0,21214.0,14317.0,1345.0,737.0,1140.0,2146.5,3101.5,2426.0,0,0,1,0,0,0,0
2023-11-09,13973.0,3483.0,935.0,11,9,0,0,14996.0,20580.0,10882.0,765.0,490.0,1550.0,3159.5,2655.0,1725.0,0,0,0,1,0,0,0
2023-11-10,14997.0,9715.32,625.0,11,10,1,0,13973.0,14302.0,11403.0,935.0,272.5,623.0,3483.0,11069.5,995.0,0,0,0,0,1,0,0
2023-11-11,14145.0,1605.0,4702.8,11,11,1,0,14997.0,12245.0,10472.0,625.0,9357.6,2240.0,9715.32,3022.0,1635.0,0,0,0,0,0,1,0
2023-11-12,12621.0,2571.0,306.0,11,12,0,0,14145.0,13954.0,9849.0,4702.8,789.0,320.0,1605.0,2495.0,9166.0,0,0,0,0,0,0,1
2023-11-13,13922.0,2118.0,690.0,11,13,0,0,12621.0,12901.0,9863.0,306.0,470.0,8622.6,2571.0,3582.0,2088.0,1,0,0,0,0,0,0
2023-11-14,14289.0,2105.5,6588.0,11,14,0,0,13922.0,14624.0,12563.0,690.0,1345.0,1266.0,2118.0,2146.5,1465.0,0,1,0,0,0,0,0
2023-11-15,14918.0,2585.0,1400.0,11,15,0,0,14289.0,14996.0,12114.0,6588.0,765.0,2565.0,2105.5,3159.5,1185.0,0,0,1,0,0,0,0
2023-11-16,16487.0,3307.5,575.0,11,16,0,0,14918.0,13973.0,12851.0,1400.0,935.0,1622.5,2585.0,3483.0,1032.0,0,0,0,1,0,0,0
2023-11-17,17566.0,12470.0,5030.0,11,17,1,0,16487.0,14997.0,14142.0,575.0,625.0,520.0,3307.5,9715.32,4283.0,0,0,0,0,1,0,0
2023-11-18,16217.0,2661.0,8372.0,11,18,1,0,17566.0,14145.0,13366.0,5030.0,4702.8,2040.0,12470.0,1605.0,2015.0,0,0,0,0,0,1,0
2023-11-19,13525.0,1690.0,310.0,11,19,0,0,16217.0,12621.0,15533.0,8372.0,306.0,636.0,2661.0,2571.0,12606.82,0,0,0,0,0,0,1
2023-11-20,15236.0,3897.5,1120.0,11,20,0,0,13525.0,13922.0,15133.0,310.0,690.0,10441.8,1690.0,2118.0,7760.2,1,0,0,0,0,0,0
2023-11-21,15436.0,11136.5,255.0,11,21,0,0,15236.0,14289.0,14639.5,1120.0,6588.0,1066.0,3897.5,2105.5,2335.0,0,1,0,0,0,0,0
2023-11-22,14880.0,2700.5,2322.0,11,22,0,0,15436.0,14918.0,13177.0,255.0,1400.0,2412.0,11136.5,2585.0,1932.0,0,0,1,0,0,0,0
2023-11-23,16416.0,4635.0,300.0,11,23,0,0,14880.0,16487.0,14091.0,2322.0,575.0,1023.0,2700.5,3307.5,4314.0,0,0,0,1,0,0,0
2023-11-24,16857.0,11975.0,510.0,11,24,1,0,16416.0,17566.0,15182.0,300.0,5030.0,1086.0,4635.0,12470.0,1880.0,0,0,0,0,1,0,0
2023-11-25,16951.0,15701.0,75.0,11,25,1,0,16857.0,16217.0,17846.0,510.0,8372.0,677.0,11975.0,2661.0,3910.0,0,0,0,0,0,1,0
2023-11-26,17929.0,1780.0,22514.0,11,26,0,0,16951.0,13525.0,15815.0,75.0,310.0,385.0,15701.0,1690.0,16738.32,0,0,0,0,0,0,1
2023-11-27,17120.0,615.0,1965.0,11,27,0,0,17929.0,15236.0,14392.0,22514.0,1120.0,6231.6,1780.0,3897.5,1893.0,1,0,0,0,0,0,0
2023-11-28,17433.0,823.0,690.0,11,28,0,0,17120.0,15436.0,13552.0,1965.0,255.0,566.0,615.0,11136.5,2029.0,0,1,0,0,0,0,0
2023-11-29,14624.0,2688.0,905.0,11,29,0,0,17433.0,14880.0,21454.0,690.0,2322.0,1749.0,823.0,2700.5,2511.0,0,0,1,0,0,0,0
2023-11-30,13631.0,2650.0,1260.0,11,30,0,0,14624.0,16416.0,19598.0,905.0,300.0,1805.0,2688.0,4635.0,1859.0,0,0,0,1,0,0,0
2023-12-01,16168.0,9843.4,1383.0,12,1,1,0,13631.0,16857.0,21214.0,1260.0,510.0,737.0,2650.0,11975.0,3101.5,0,0,0,0,1,0,0
2023-12-02,13328.0,2010.0,7286.0,12,2,1,0,16168.0,16951.0,20580.0,1383.0,75.0,490.0,9843.4,15701.0,2655.0,0,0,0,0,0,1,0
2023-12-03,15124.0,1745.0,328.0,12,3,0,0,13328.0,17929.0,14302.0,7286.0,22514.0,272.5,2010.0,1780.0,11069.5,0,0,0,0,0,0,1
2023-12-04,15660.0,2685.0,835.0,12,4,0,0,15124.0,17120.0,12245.0,328.0,1965.0,9357.6,1745.0,615.0,3022.0,1,0,0,0,0,0,0
2023-12-05,16970.0,3030.0,899.0,12,5,0,0,15660.0,17433.0,13954.0,835.0,690.0,789.0,2685.0,823.0,2495.0,0,1,0,0,0,0,0
2023-12-06,16393.0,3363.5,1330.0,12,6,0,0,16970.0,14624.0,12901.0,899.0,905.0,470.0,3030.0,2688.0,3582.0,0,0,1,0,0,0,0
2023-12-07,15512.0,6138.0,1787.5,12,7,0,0,16393.0,13631.0,14624.0,1330.0,1260.0,1345.0,3363.5,2650.0,2146.5,0,0,0,1,0,0,0
2023-12-08,16990.0,19017.0,655.0,12,8,1,0,15512.0,16168.0,14996.0,1787.5,1383.0,765.0,6138.0,9843.4,3159.5,0,0,0,0,1,0,0
2023-12-09,20017.0,3490.0,3751.4,12,9,1,0,16990.0,13328.0,13973.0,655.0,7286.0,935.0,19017.0,2010.0,3483.0,0,0,0,0,0,1,0
2023-12-10,15329.0,4254.0,1206.5,12,10,0,0,20017.0,15124.0,14997.0,3751.4,328.0,625.0,3490.0,1745.0,9715.32,0,0,0,0,0,0,1
2023-12-11,18513.0,3597.75,886.0,12,11,0,0,15329.0,15660.0,14145.0,1206.5,835.0,4702.8,4254.0,2685.0,1605.0,1,0,0,0,0,0,0
2023-12-12,15955.0,2243.25,453.0,12,12,0,0,18513.0,16970.0,12621.0,886.0,899.0,306.0,3597.75,3030.0,2571.0,0,1,0,0,0,0,0
2023-12-13,17919.0,2342.5,780.0,12,13,0,0,15955.0,16393.0,13922.0,453.0,1330.0,690.0,2243.25,3363.5,2118.0,0,0,1,0,0,0,0
2023-12-14,17388.0,2084.0,725.0,12,14,0,0,17919.0,15512.0,14289.0,780.0,1787.5,6588.0,2342.5,6138.0,2105.5,0,0,0,1,0,0,0
2023-12-15,16882.0,12899.0,4295.0,12,15,1,0,17388.0,16990.0,14918.0,725.0,655.0,1400.0,2084.0,19017.0,2585.0,0,0,0,0,1,0,0
2023-12-16,18545.0,1138.0,2877.4,12,16,1,0,16882.0,20017.0,16487.0,4295.0,3751.4,575.0,12899.0,3490.0,3307.5,0,0,0,0,0,1,0
2023-12-17,17652.0,3521.0,981.0,12,17,0,0,18545.0,15329.0,17566.0,2877.4,1206.5,5030.0,1138.0,4254.0,12470.0,0,0,0,0,0,0,1
2023-12-18,15265.0,2567.0,620.0,12,18,0,0,17652.0,18513.0,16217.0,981.0,886.0,8372.0,3521.0,3597.75,2661.0,1,0,0,0,0,0,0
2023-12-19,15176.0,2688.0,420.0,12,19,0,0,15265.0,15955.0,13525.0,620.0,453.0,310.0,2567.0,2243.25,1690.0,0,1,0,0,0,0,0
2023-12-20,15479.0,1910.0,420.0,12,20,0,0,15176.0,17919.0,15236.0,420.0,780.0,1120.0,2688.0,2342.5,3897.5,0,0,1,0,0,0,0
2023-12-21,15669.0,2981.5,3728.0,12,21,0,0,15479.0,17388.0,15436.0,420.0,725.0,255.0,1910.0,2084.0,11136.5,0,0,0,1,0,0,0
2023-12-22,14843.0,13337.9,610.0,12,22,1,0,15669.0,16882.0,14880.0,3728.0,4295.0,2322.0,2981.5,12899.0,2700.5,0,0,0,0,1,0,0
2023-12-23,15659.0,2735.0,6450.2,12,23,1,0,14843.0,18545.0,16416.0,610.0,2877.4,300.0,13337.9,1138.0,4635.0,0,0,0,0,0,1,0
2023-12-24,16584.0,28094.0,415.0,12,24,0,0,15659.0,17652.0,16857.0,6450.2,981.0,510.0,2735.0,3521.0,11975.0,0,0,0,0,0,0,1
2023-12-25,14986.0,6192.0,15592.8,12,25,0,0,16584.0,15265.0,16951.0,415.0,620.0,75.0,28094.0,2567.0,15701.0,1,0,0,0,0,0,0
2023-12-26,15593.0,2157.5,395.0,12,26,0,0,14986.0,15176.0,17929.0,15592.8,420.0,22514.0,6192.0,2688.0,1780.0,0,1,0,0,0,0,0
2023-12-27,17912.0,2444.0,190.0,12,27,0,0,15593.0,15479.0,17120.0,395.0,420.0,1965.0,2157.5,1910.0,615.0,0,0,1,0,0,0,0
2023-12-28,15070.0,2634.0,459.0,12,28,0,0,17912.0,15669.0,17433.0,190.0,3728.0,690.0,2444.0,2981.5,823.0,0,0,0,1,0,0,0
2023-12-29,17664.0,12768.0,140.0,12,29,1,0,15070.0,14843.0,14624.0,459.0,610.0,905.0,2634.0,13337.9,2688.0,0,0,0,0,1,0,0
2023-12-30,16421.0,3860.0,5896.6,12,30,1,0,17664.0,15659.0,13631.0,140.0,6450.2,1260.0,12768.0,2735.0,2650.0,0,0,0,0,0,1,0
2023-12-31,17636.0,38289.0,0.0,12,31,0,0,16421.0,16584.0,16168.0,5896.6,415.0,1383.0,3860.0,28094.0,9843.4,0,0,0,0,0,0,1
2024-01-01,34438.0,5956.0,1846.0,1,1,0,0,17636.0,14986.0,13328.0,0.0,15592.8,7286.0,38289.0,6192.0,2010.0,1,0,0,0,0,0,0
2024-01-02,33122.0,3512.0,2840.0,1,2,0,0,34438.0,15593.0,15124.0,1846.0,395.0,328.0,5956.0,2157.5,1745.0,0,1,0,0,0,0,0
2024-01-03,30936.0,4886.0,350.0,1,3,0,0,33122.0,17912.0,15660.0,2840.0,190.0,835.0,3512.0,2444.0,2685.0,0,0,1,0,0,0,0
2024-01-04,32046.0,4940.0,1608.0,1,4,0,0,30936.0,15070.0,16970.0,350.0,459.0,899.0,4886.0,2634.0,3030.0,0,0,0,1,0,0,0
2024-01-05,30376.0,22087.0,640.0,1,5,1,0,32046.0,17664.0,16393.0,1608.0,140.0,1330.0,4940.0,12768.0,3363.5,0,0,0,0,1,0,0
2024-01-06,29774.0,9680.2,7723.6,1,6,1,0,30376.0,16421.0,15512.0,640.0,5896.6,1787.5,22087.0,3860.0,6138.0,0,0,0,0,0,1,0
2024-01-07,29322.0,5448.0,1040.0,1,7,0,0,29774.0,17636.0,16990.0,7723.6,0.0,655.0,9680.2,38289.0,19017.0,0,0,0,0,0,0,1
2024-01-08,31002.0,8336.0,600.0,1,8,0,0,29322.0,34438.0,20017.0,1040.0,1846.0,3751.4,5448.0,5956.0,3490.0,1,0,0,0,0,0,0
2024-01-09,30026.0,2145.0,494.0,1,9,0,0,31002.0,33122.0,15329.0,600.0,2840.0,1206.5,8336.0,3512.0,4254.0,0,1,0,0,0,0,0
2024-01-10,33922.0,2275.0,2880.0,1,10,0,0,30026.0,30936.0,18513.0,494.0,350.0,886.0,2145.0,4886.0,3597.75,0,0,1,0,0,0,0
2024-01-11,31944.0,4515.0,1168.0,1,11,0,0,33922.0,32046.0,15955.0,2880.0,1608.0,453.0,2275.0,4940.0,2243.25,0,0,0,1,0,0,0
2024-01-12,30282.0,33788.0,5120.0,1,12,1,0,31944.0,30376.0,17919.0,1168.0,640.0,780.0,4515.0,22087.0,2342.5,0,0,0,0,1,0,0
2024-01-13,29128.0,12662.0,4116.4,1,13,1,0,30282.0,29774.0,17388.0,5120.0,7723.6,725.0,33788.0,9680.2,2084.0,0,0,0,0,0,1,0
2024-01-14,26656.0,4485.0,1880.0,1,14,0,0,29128.0,29322.0,16882.0,4116.4,1040.0,4295.0,12662.0,5448.0,12899.0,0,0,0,0,0,0,1
2024-01-15,29670.0,3440.0,2666.0,1,15,0,0,26656.0,31002.0,18545.0,1880.0,600.0,2877.4,4485.0,8336.0,1138.0,1,0,0,0,0,0,0
2024-01-16,30630.0,4569.0,2404.0,1,16,0,0,29670.0,30026.0,17652.0,2666.0,494.0,981.0,3440.0,2145.0,3521.0,0,1,0,0,0,0,0
2024-01-17,34322.0,5480.0,2907.0,1,17,0,0,30630.0,33922.0,15265.0,2404.0,2880.0,620.0,4569.0,2275.0,2567.0,0,0,1,0,0,0,0
2024-01-18,33312.0,4502.0,2300.0,1,18,0,0,34322.0,31944.0,15176.0,2907.0,1168.0,420.0,5480.0,4515.0,2688.0,0,0,0,1,0,0,0
2024-01-19,30468.0,23539.0,1520.0,1,19,1,0,33312.0,30282.0,15479.0,2300.0,5120.0,420.0,4502.0,33788.0,1910.0,0,0,0,0,1,0,0
2024-01-20,29110.0,7336.0,9476.0,1,20,1,0,30468.0,29128.0,15669.0,1520.0,4116.4,3728.0,23539.0,12662.0,2981.5,0,0,0,0,0,1,0
2024-01-21,27156.0,8410.0,1140.0,1,21,0,0,29110.0,26656.0,14843.0,9476.0,1880.0,610.0,7336.0,4485.0,13337.9,0,0,0,0,0,0,1
2024-01-22,27802.0,11824.0,4564.0,1,22,0,0,27156.0,29670.0,15659.0,1140.0,2666.0,6450.2,8410.0,3440.0,2735.0,1,0,0,0,0,0,0
2024-01-23,27286.0,6226.0,7464.0,1,23,0,0,27802.0,30630.0,16584.0,4564.0,2404.0,415.0,11824.0,4569.0,28094.0,0,1,0,0,0,0,0
2024-01-24,28614.0,2962.0,3368.0,1,24,0,0,27286.0,34322.0,14986.0,7464.0,2907.0,15592.8,6226.0,5480.0,6192.0,0,0,1,0,0,0,0
2024-01-25,28806.0,5848.0,2708.0,1,25,0,0,28614.0,33312.0,15593.0,3368.0,2300.0,395.0,2962.0,4502.0,2157.5,0,0,0,1,0,0,0
2024-01-26,27972.0,16188.0,1850.0,1,26,1,0,28806.0,30468.0,17912.0,2708.0,1520.0,190.0,5848.0,23539.0,2444.0,0,0,0,0,1,0,0
2024-01-27,32036.0,4788.0,9090.0,1,27,1,0,27972.0,29110.0,15070.0,1850.0,9476.0,459.0,16188.0,7336.0,2634.0,0,0,0,0,0,1,0
2024-01-28,26772.0,6693.0,2696.0,1,28,0,0,32036.0,27156.0,17664.0,9090.0,1140.0,140.0,4788.0,8410.0,12768.0,0,0,0,0,0,0,1
2024-01-29,26490.0,5472.0,2770.0,1,29,0,0,26772.0,27802.0,16421.0,2696.0,4564.0,5896.6,6693.0,11824.0,3860.0,1,0,0,0,0,0,0
2024-01-30,27422.0,23996.0,1590.0,1,30,0,0,26490.0,27286.0,17636.0,2770.0,7464.0,0.0,5472.0,6226.0,38289.0,0,1,0,0,0,0,0
2024-01-31,29510.0,5898.0,3430.0,1,31,0,0,27422.0,28614.0,34438.0,1590.0,3368.0,1846.0,23996.0,2962.0,5956.0,0,0,1,0,0,0,0
2024-02-01,30342.0,3790.0,1070.0,2,1,0,0,29510.0,28806.0,33122.0,3430.0,2708.0,2840.0,5898.0,5848.0,3512.0,0,0,0,1,0,0,0
2024-02-02,29336.0,25882.0,1660.0,2,2,1,0,30342.0,27972.0,30936.0,1070.0,1850.0,350.0,3790.0,16188.0,4886.0,0,0,0,0,1,0,0
2024-02-03,21282.0,3938.0,5692.0,2,3,1,0,29336.0,32036.0,32046.0,1660.0,9090.0,1608.0,25882.0,4788.0,4940.0,0,0,0,0,0,1,0
2024-02-04,23032.0,34438.0,160.0,2,4,0,0,21282.0,26772.0,30376.0,5692.0,2696.0,640.0,3938.0,6693.0,22087.0,0,0,0,0,0,0,1
2024-02-05,27204.0,7820.0,15960.0,2,5,0,0,23032.0,26490.0,29774.0,160.0,2770.0,7723.6,34438.0,5472.0,9680.2,1,0,0,0,0,0,0
2024-02-06,35640.0,3180.0,140.0,2,6,0,0,27204.0,27422.0,29322.0,15960.0,1590.0,1040.0,7820.0,23996.0,5448.0,0,1,0,0,0,0,0
2024-02-07,34772.0,5816.0,890.0,2,7,0,0,35640.0,29510.0,31002.0,140.0,3430.0,600.0,3180.0,5898.0,8336.0,0,0,1,0,0,0,0
2024-02-08,34181.0,3890.0,1340.0,2,8,0,0,34772.0,30342.0,30026.0,890.0,1070.0,494.0,5816.0,3790.0,2145.0,0,0,0,1,0,0,0
2024-02-09,23562.0,16830.0,3658.0,2,9,1,0,34181.0,29336.0,33922.0,1340.0,1660.0,2880.0,3890.0,25882.0,2275.0,0,0,0,0,1,0,0
2024-02-10,28432.0,3718.0,5814.0,2,10,1,0,23562.0,21282.0,31944.0,3658.0,5692.0,1168.0,16830.0,3938.0,4515.0,0,0,0,0,0,1,0
2024-02-11,31318.0,5922.0,1130.0,2,11,0,0,28432.0,23032.0,30282.0,5814.0,160.0,5120.0,3718.0,34438.0,33788.0,0,0,0,0,0,0,1
2024-02-12,29836.0,3412.0,1910.0,2,12,0,0,31318.0,27204.0,29128.0,1130.0,15960.0,4116.4,5922.0,7820.0,12662.0,1,0,0,0,0,0,0
2024-02-13,30140.0,7354.0,5992.0,2,13,0,0,29836.0,35640.0,26656.0,1910.0,140.0,1880.0,3412.0,3180.0,4485.0,0,1,0,0,0,0,0
2024-02-14,30586.0,34930.0,1470.0,2,14,0,0,30140.0,34772.0,29670.0,5992.0,890.0,2666.0,7354.0,5816.0,3440.0,0,0,1,0,0,0,0
2024-02-15,30776.0,17060.0,2295.0,2,15,0,0,30586.0,34181.0,30630.0,1470.0,1340.0,2404.0,34930.0,3890.0,4569.0,0,0,0,1,0,0,0
2024-02-16,24318.0,17090.0,1650.0,2,16,1,0,30776.0,23562.0,34322.0,2295.0,3658.0,2907.0,17060.0,16830.0,5480.0,0,0,0,0,1,0,0
2024-02-17,22138.0,43332.0,4920.0,2,17,1,0,24318.0,28432.0,33312.0,1650.0,5814.0,2300.0,17090.0,3718.0,4502.0,0,0,0,0,0,1,0
2024-02-18,23216.0,5393.0,1240.0,2,18,0,0,22138.0,31318.0,30468.0,4920.0,1130.0,1520.0,43332.0,5922.0,23539.0,0,0,0,0,0,0,1
2024-02-19,29224.0,4076.0,2404.0,2,19,0,0,23216.0,29836.0,29110.0,1240.0,1910.0,9476.0,5393.0,3412.0,7336.0,1,0,0,0,0,0,0
2024-02-20,31296.0,4107.0,420.0,2,20,0,0,29224.0,30140.0,27156.0,2404.0,5992.0,1140.0,4076.0,7354.0,8410.0,0,1,0,0,0,0,0
2024-02-21,32451.0,7970.0,1069.0,2,21,0,0,31296.0,30586.0,27802.0,420.0,1470.0,4564.0,4107.0,34930.0,11824.0,0,0,1,0,0,0,0
2024-02-22,32594.0,2805.0,2204.0,2,22,0,0,32451.0,30776.0,27286.0,1069.0,2295.0,7464.0,7970.0,17060.0,6226.0,0,0,0,1,0,0,0
2024-02-23,32146.0,16964.0,1796.0,2,23,1,0,32594.0,24318.0,28614.0,2204.0,1650.0,3368.0,2805.0,17090.0,2962.0,0,0,0,0,1,0,0
2024-02-24,30656.0,11342.0,3344.0,2,24,1,0,32146.0,22138.0,28806.0,1796.0,4920.0,2708.0,16964.0,43332.0,5848.0,0,0,0,0,0,1,0
2024-02-25,26406.0,6756.0,2282.0,2,25,0,0,30656.0,23216.0,27972.0,3344.0,1240.0,1850.0,11342.0,5393.0,16188.0,0,0,0,0,0,0,1
2024-02-26,27096.0,7332.0,1440.0,2,26,0,0,26406.0,29224.0,32036.0,2282.0,2404.0,9090.0,6756.0,4076.0,4788.0,1,0,0,0,0,0,0
2024-02-27,28752.0,5526.0,2700.0,2,27,0,0,27096.0,31296.0,26772.0,1440.0,420.0,2696.0,7332.0,4107.0,6693.0,0,1,0,0,0,0,0
2024-02-28,31990.0,5307.0,3450.0,2,28,0,0,28752.0,32451.0,26490.0,2700.0,1069.0,2770.0,5526.0,7970.0,5472.0,0,0,1,0,0,0,0
2024-02-29,30688.0,4134.0,780.0,2,29,0,0,31990.0,32594.0,27422.0,3450.0,2204.0,1590.0,5307.0,2805.0,23996.0,0,0,0,1,0,0,0
2024-03-01,30976.0,20770.0,1830.0,3,1,1,0,30688.0,32146.0,29510.0,780.0,1796.0,3430.0,4134.0,16964.0,5898.0,0,0,0,0,1,0,0
2024-03-02,30478.0,8896.0,14564.0,3,2,1,0,30976.0,30656.0,30342.0,1830.0,3344.0,1070.0,20770.0,11342.0,3790.0,0,0,0,0,0,1,0
2024-03-03,29210.0,5001.0,2517.0,3,3,0,0,30478.0,26406.0,29336.0,14564.0,2282.0,1660.0,8896.0,6756.0,25882.0,0,0,0,0,0,0,1
2024-03-04,27066.0,5176.0,2150.0,3,4,0,0,29210.0,27096.0,21282.0,2517.0,1440.0,5692.0,5001.0,7332.0,3938.0,1,0,0,0,0,0,0
2024-03-05,27896.0,3902.0,3660.0,3,5,0,0,27066.0,28752.0,23032.0,2150.0,2700.0,160.0,5176.0,5526.0,34438.0,0,1,0,0,0,0,0
2024-03-06,29210.0,3370.0,1734.0,3,6,0,0,27896.0,31990.0,27204.0,3660.0,3450.0,15960.0,3902.0,5307.0,7820.0,0,0,1,0,0,0,0
2024-03-07,25120.0,7032.0,11590.0,3,7,0,0,29210.0,30688.0,35640.0,1734.0,780.0,140.0,3370.0,4134.0,3180.0,0,0,0,1,0,0,0
2024-03-08,25050.0,13864.0,5260.0,3,8,1,0,25120.0,30976.0,34772.0,11590.0,1830.0,890.0,7032.0,20770.0,5816.0,0,0,0,0,1,0,0
2024-03-09,18474.0,2510.0,2442.0,3,9,1,0,25050.0,30478.0,34181.0,5260.0,14564.0,1340.0,13864.0,8896.0,3890.0,0,0,0,0,0,1,0
2024-03-10,15310.0,10844.0,9801.0,3,10,0,0,18474.0,29210.0,23562.0,2442.0,2517.0,3658.0,2510.0,5001.0,16830.0,0,0,0,0,0,0,1
2024-03-11,22438.0,19518.0,700.0,3,11,0,0,15310.0,27066.0,28432.0,9801.0,2150.0,5814.0,10844.0,5176.0,3718.0,1,0,0,0,0,0,0
2024-03-12,19040.0,15804.0,380.0,3,12,0,0,22438.0,27896.0,31318.0,700.0,3660.0,1130.0,19518.0,3902.0,5922.0,0,1,0,0,0,0,0
2024-03-13,14894.0,15970.0,670.0,3,13,0,0,19040.0,29210.0,29836.0,380.0,1734.0,1910.0,15804.0,3370.0,3412.0,0,0,1,0,0,0,0
2024-03-14,12918.0,13265.0,1442.0,3,14,0,0,14894.0,25120.0,30140.0,670.0,11590.0,5992.0,15970.0,7032.0,7354.0,0,0,0,1,0,0,0
2024-03-15,14500.0,37984.0,570.0,3,15,1,0,12918.0,25050.0,30586.0,1442.0,5260.0,1470.0,13265.0,13864.0,34930.0,0,0,0,0,1,0,0
2024-03-16,14372.0,56794.4,300.0,3,16,1,0,14500.0,18474.0,30776.0,570.0,2442.0,2295.0,37984.0,2510.0,17060.0,0,0,0,0,0,1,0
2024-03-17,17118.0,34857.4,0.0,3,17,0,0,14372.0,15310.0,24318.0,300.0,9801.0,1650.0,56794.4,10844.0,17090.0,0,0,0,0,0,0,1
2024-03-18,17556.0,16813.4,818.0,3,18,0,0,17118.0,22438.0,22138.0,0.0,700.0,4920.0,34857.4,19518.0,43332.0,1,0,0,0,0,0,0
2024-03-19,21914.0,27564.0,882.0,3,19,0,0,17556.0,19040.0,23216.0,818.0,380.0,1240.0,16813.4,15804.0,5393.0,0,1,0,0,0,0,0
2024-03-20,22630.0,24950.0,510.0,3,20,0,0,21914.0,14894.0,29224.0,882.0,670.0,2404.0,27564.0,15970.0,4076.0,0,0,1,0,0,0,0
2024-03-21,23850.0,33412.0,518.0,3,21,0,0,22630.0,12918.0,31296.0,510.0,1442.0,420.0,24950.0,13265.0,4107.0,0,0,0,1,0,0,0
2024-03-22,12051.0,15275.0,669.0,3,22,1,0,23850.0,14500.0,32451.0,518.0,570.0,1069.0,33412.0,37984.0,7970.0,0,0,0,0,1,0,0
2024-03-23,15614.0,22651.0,1092.0,3,23,1,0,12051.0,14372.0,32594.0,669.0,300.0,2204.0,15275.0,56794.4,2805.0,0,0,0,0,0,1,0
2024-03-24,11999.0,11974.0,99.0,3,24,0,0,15614.0,17118.0,32146.0,1092.0,0.0,1796.0,22651.0,34857.4,16964.0,0,0,0,0,0,0,1
2024-03-25,12848.0,10795.0,180.0,3,25,0,0,11999.0,17556.0,30656.0,99.0,818.0,3344.0,11974.0,16813.4,11342.0,1,0,0,0,0,0,0
2024-03-26,14288.0,13767.0,606.0,3,26,0,0,12848.0,21914.0,26406.0,180.0,882.0,2282.0,10795.0,27564.0,6756.0,0,1,0,0,0,0,0
2024-03-27,14291.0,31540.0,854.0,3,27,0,0,14288.0,22630.0,27096.0,606.0,510.0,1440.0,13767.0,24950.0,7332.0,0,0,1,0,0,0,0
2024-03-28,13513.0,25440.0,235.0,3,28,0,0,14291.0,23850.0,28752.0,854.0,518.0,2700.0,31540.0,33412.0,5526.0,0,0,0,1,0,0,0
2024-03-29,13438.0,14851.0,95.0,3,29,1,0,13513.0,12051.0,31990.0,235.0,669.0,3450.0,25440.0,15275.0,5307.0,0,0,0,0,1,0,0
2024-03-30,14268.0,16063.0,352.0,3,30,1,0,13438.0,15614.0,30688.0,95.0,1092.0,780.0,14851.0,22651.0,4134.0,0,0,0,0,0,1,0
2024-03-31,15120.0,8403.6,573.6,3,31,0,0,14268.0,11999.0,30976.0,352.0,99.0,1830.0,16063.0,11974.0,20770.0,0,0,0,0,0,0,1
2024-04-01,10887.0,26630.0,80.0,4,1,0,0,15120.0,12848.0,30478.0,573.6,180.0,14564.0,8403.6,10795.0,8896.0,1,0,0,0,0,0,0
2024-04-02,9579.0,9960.0,0.0,4,2,0,0,10887.0,14288.0,29210.0,80.0,606.0,2517.0,26630.0,13767.0,5001.0,0,1,0,0,0,0,0
2024-04-03,10358.0,21612.0,350.0,4,3,0,0,9579.0,14291.0,27066.0,0.0,854.0,2150.0,9960.0,31540.0,5176.0,0,0,1,0,0,0,0
2024-04-04,9498.0,13722.0,40.0,4,4,0,0,10358.0,13513.0,27896.0,350.0,235.0,3660.0,21612.0,25440.0,3902.0,0,0,0,1,0,0,0
2024-04-05,16183.0,14526.0,19805.0,4,5,1,0,9498.0,13438.0,29210.0,40.0,95.0,1734.0,13722.0,14851.0,3370.0,0,0,0,0,1,0,0
2024-04-06,16015.0,26630.0,1396.0,4,6,1,0,16183.0,14268.0,25120.0,19805.0,352.0,11590.0,14526.0,16063.0,7032.0,0,0,0,0,0,1,0
2024-04-07,14388.0,10570.0,200.0,4,7,0,0,16015.0,15120.0,25050.0,1396.0,573.6,5260.0,26630.0,8403.6,13864.0,0,0,0,0,0,0,1
2024-04-08,9754.0,9072.0,356.0,4,8,0,1,14388.0,10887.0,18474.0,200.0,80.0,2442.0,10570.0,26630.0,2510.0,1,0,0,0,0,0,0
2024-04-09,12272.0,6574.0,888.0,4,9,0,1,9754.0,9579.0,15310.0,356.0,0.0,9801.0,9072.0,9960.0,10844.0,0,1,0,0,0,0,0
2024-04-10,12485.0,2374.5,200.0,4,10,0,1,12272.0,10358.0,22438.0,888.0,350.0,700.0,6574.0,21612.0,19518.0,0,0,1,0,0,0,0
2024-04-11,15404.0,2726.8,690.0,4,11,0,1,12485.0,9498.0,19040.0,200.0,40.0,380.0,2374.5,13722.0,15804.0,0,0,0,1,0,0,0
2024-04-12,17018.0,4421.0,1643.5,4,12,1,1,15404.0,16183.0,14894.0,690.0,19805.0,670.0,2726.8,14526.0,15970.0,0,0,0,0,1,0,0
2024-04-13,18324.0,5891.0,832.0,4,13,1,0,17018.0,16015.0,12918.0,1643.5,1396.0,1442.0,4421.0,26630.0,13265.0,0,0,0,0,0,1,0
2024-04-14,16731.0,2556.5,1561.0,4,14,0,0,18324.0,14388.0,14500.0,832.0,200.0,570.0,5891.0,10570.0,37984.0,0,0,0,0,0,0,1
2024-04-15,15738.0,1229.0,1150.0,4,15,0,0,16731.0,9754.0,14372.0,1561.0,356.0,300.0,2556.5,9072.0,56794.4,1,0,0,0,0,0,0
2024-04-16,13255.0,9829.0,2104.0,4,16,0,0,15738.0,12272.0,17118.0,1150.0,888.0,0.0,1229.0,6574.0,34857.4,0,1,0,0,0,0,0
2024-04-17,15053.0,3464.0,604.0,4,17,0,0,13255.0,12485.0,17556.0,2104.0,200.0,818.0,9829.0,2374.5,16813.4,0,0,1,0,0,0,0
2024-04-18,12815.0,2909.0,3542.0,4,18,0,0,15053.0,15404.0,21914.0,604.0,690.0,882.0,3464.0,2726.8,27564.0,0,0,0,1,0,0,0
2024-04-19,13137.0,7248.0,2219.0,4,19,1,0,12815.0,17018.0,22630.0,3542.0,1643.5,510.0,2909.0,4421.0,24950.0,0,0,0,0,1,0,0
2024-04-20,13589.0,3919.8,1876.0,4,20,1,0,13137.0,18324.0,23850.0,2219.0,832.0,518.0,7248.0,5891.0,33412.0,0,0,0,0,0,1,0
2024-04-21,11688.0,2563.9,700.0,4,21,0,0,13589.0,16731.0,12051.0,1876.0,1561.0,669.0,3919.8,2556.5,15275.0,0,0,0,0,0,0,1
2024-04-22,13251.0,2501.0,1190.0,4,22,0,0,11688.0,15738.0,15614.0,700.0,1150.0,1092.0,2563.9,1229.0,22651.0,1,0,0,0,0,0,0
2024-04-23,14712.0,3123.6,878.0,4,23,0,0,13251.0,13255.0,11999.0,1190.0,2104.0,99.0,2501.0,9829.0,11974.0,0,1,0,0,0,0,0
2024-04-24,12365.0,7427.0,1180.0,4,24,0,0,14712.0,15053.0,12848.0,878.0,604.0,180.0,3123.6,3464.0,10795.0,0,0,1,0,0,0,0
2024-04-25,13807.0,2621.0,3317.2,4,25,0,0,12365.0,12815.0,14288.0,1180.0,3542.0,606.0,7427.0,2909.0,13767.0,0,0,0,1,0,0,0
2024-04-26,12776.0,10863.5,344.0,4,26,1,0,13807.0,13137.0,14291.0,3317.2,2219.0,854.0,2621.0,7248.0,31540.0,0,0,0,0,1,0,0
2024-04-27,15429.0,2413.0,1952.0,4,27,1,0,12776.0,13589.0,13513.0,344.0,1876.0,235.0,10863.5,3919.8,25440.0,0,0,0,0,0,1,0
2024-04-28,12200.0,4230.0,1951.0,4,28,0,0,15429.0,11688.0,13438.0,1952.0,700.0,95.0,2413.0,2563.9,14851.0,0,0,0,0,0,0,1
2024-04-29,12362.0,3731.7,1157.0,4,29,0,0,12200.0,13251.0,14268.0,1951.0,1190.0,352.0,4230.0,2501.0,16063.0,1,0,0,0,0,0,0
2024-04-30,12496.0,2979.0,40.0,4,30,0,0,12362.0,14712.0,15120.0,1157.0,878.0,573.6,3731.7,3123.6,8403.6,0,1,0,0,0,0,0
