Date,BreakFast,Dinner,Lunch,Month,Day,DayOfWeek,IsWeekend,IsHoliday,TotalRevenue,lag_1d,lag_1w,lag_1m,BreakFast_lag_1d,BreakFast_lag_1w,BreakFast_lag_1m,Lunch_lag_1d,Lunch_lag_1w,Lunch_lag_1m,Dinner_lag_1d,Dinner_lag_1w,Dinner_lag_1m
2023-01-31,472.0,16218.25,1326.0,1,31,1,0,0,18016.25,14744.75,10335.25,10204.9,0.0,335.0,0.0,2399.25,479.8,763.0,12345.5,9520.45,9441.9
2023-02-01,216.0,9263.0,2467.5,2,1,2,0,0,11946.5,18016.25,14271.65,14174.9,472.0,333.0,397.0,1326.0,1644.75,546.0,16218.25,12293.9,13231.9
2023-02-02,200.0,11777.75,1961.25,2,2,3,0,0,13939.0,11946.5,11265.5,12845.55,216.0,170.0,440.0,2467.5,1362.5,693.0,9263.0,9733.0,11712.55
2023-02-03,153.0,18950.2,1316.0,2,3,4,1,0,20419.2,13939.0,14365.75,16133.3,200.0,492.5,175.5,1961.25,3979.75,839.5,11777.75,9893.5,15118.3
2023-02-04,0.0,7786.75,1237.0,2,4,5,1,0,9023.75,20419.2,15362.0,11673.25,153.0,0.0,0.0,1316.0,2108.0,707.0,18950.2,13254.0,10966.25
2023-02-05,100.0,15599.5,829.0,2,5,6,0,0,16528.5,9023.75,13868.25,12021.0,0.0,280.0,625.0,1237.0,1373.0,1571.75,7786.75,12215.25,9824.25
2023-02-06,105.0,14742.5,1413.0,2,6,0,0,0,16260.5,16528.5,14744.75,12164.5,100.0,0.0,0.0,829.0,2399.25,1019.0,15599.5,12345.5,11145.5
2023-02-07,0.0,14344.0,773.5,2,7,1,0,0,15117.5,16260.5,18016.25,9477.5,105.0,472.0,275.0,1413.0,1326.0,1521.0,14742.5,16218.25,7681.5
2023-02-08,0.0,10748.0,389.0,2,8,2,0,0,11137.0,15117.5,11946.5,7101.5,0.0,216.0,50.0,773.5,2467.5,1062.5,14344.0,9263.0,5989.0
2023-02-09,0.0,11124.85,1473.0,2,9,3,0,0,12597.85,11137.0,13939.0,7085.5,0.0,200.0,570.0,389.0,1961.25,566.5,10748.0,11777.75,5949.0
2023-02-10,0.0,9120.35,625.0,2,10,4,1,0,9745.35,12597.85,20419.2,10023.7,0.0,153.0,0.0,1473.0,1316.0,1166.0,11124.85,18950.2,8857.7
2023-02-11,66.0,8513.45,302.0,2,11,5,1,0,8881.45,9745.35,9023.75,8424.75,0.0,0.0,346.0,625.0,1237.0,1738.25,9120.35,7786.75,6340.5
2023-02-12,220.0,7517.85,194.0,2,12,6,0,0,7931.85,8881.45,16528.5,9979.5,66.0,100.0,1052.0,302.0,829.0,1002.0,8513.45,15599.5,7925.5
2023-02-13,435.0,7458.25,685.0,2,13,0,0,0,8578.25,7931.85,16260.5,15309.25,220.0,105.0,1158.0,194.0,1413.0,2703.0,7517.85,14742.5,11448.25
2023-02-14,53.0,9437.5,1150.0,2,14,1,0,0,10640.5,8578.25,15117.5,10723.25,435.0,0.0,340.0,685.0,773.5,1731.0,7458.25,14344.0,8652.25
2023-02-15,155.25,10877.45,1065.0,2,15,2,0,0,12097.7,10640.5,11137.0,8504.7,53.0,0.0,0.0,1150.0,389.0,509.0,9437.5,10748.0,7995.7
2023-02-16,35.0,11871.0,1046.0,2,16,3,0,0,12952.0,12097.7,12597.85,8758.75,155.25,0.0,345.0,1065.0,1473.0,285.0,10877.45,11124.85,8128.75
2023-02-17,1425.0,17790.45,1507.0,2,17,4,1,0,20722.45,12952.0,9745.35,7400.75,35.0,0.0,195.0,1046.0,625.0,1124.0,11871.0,9120.35,6081.75
2023-02-18,200.0,9475.45,2039.0,2,18,5,1,0,11714.45,20722.45,8881.45,11036.75,1425.0,66.0,0.0,1507.0,302.0,1262.25,17790.45,8513.45,9774.5
2023-02-19,70.0,11197.5,2627.0,2,19,6,0,0,13894.5,11714.45,7931.85,13160.5,200.0,220.0,180.0,2039.0,194.0,2020.0,9475.45,7517.85,10960.5
2023-02-20,152.5,12545.2,1691.75,2,20,0,0,0,14389.45,13894.5,8578.25,10362.25,70.0,435.0,250.0,2627.0,685.0,1101.5,11197.5,7458.25,9010.75
2023-02-21,414.5,17937.3,2569.5,2,21,1,0,0,20921.3,14389.45,10640.5,11231.25,152.5,53.0,0.0,1691.75,1150.0,2426.0,12545.2,9437.5,8805.25
2023-02-22,43.0,15100.7,2447.25,2,22,2,0,0,17590.95,20921.3,12097.7,9875.25,414.5,155.25,500.0,2569.5,1065.0,2871.0,17937.3,10877.45,6504.25
2023-02-23,120.0,15985.4,1881.0,2,23,3,0,0,17986.4,17590.95,12952.0,10335.25,43.0,35.0,335.0,2447.25,1046.0,479.8,15100.7,11871.0,9520.45
2023-02-24,35.0,16917.25,1353.0,2,24,4,1,0,18305.25,17986.4,20722.45,14271.65,120.0,1425.0,333.0,1881.0,1507.0,1644.75,15985.4,17790.45,12293.9
2023-02-25,740.0,13359.4,1023.0,2,25,5,1,0,15122.4,18305.25,11714.45,11265.5,35.0,200.0,170.0,1353.0,2039.0,1362.5,16917.25,9475.45,9733.0
2023-02-26,404.0,8232.0,624.5,2,26,6,0,0,9260.5,15122.4,13894.5,14365.75,740.0,70.0,492.5,1023.0,2627.0,3979.75,13359.4,11197.5,9893.5
2023-02-27,80.0,9634.5,720.0,2,27,0,0,0,10434.5,9260.5,14389.45,15362.0,404.0,152.5,0.0,624.5,1691.75,2108.0,8232.0,12545.2,13254.0
2023-02-28,102.5,7039.2,972.75,2,28,1,0,0,8114.45,10434.5,20921.3,13868.25,80.0,414.5,280.0,720.0,2569.5,1373.0,9634.5,17937.3,12215.25
2023-03-01,245.0,11212.3,2601.5,3,1,2,0,0,14058.8,8114.45,17590.95,14744.75,102.5,43.0,0.0,972.75,2447.25,2399.25,7039.2,15100.7,12345.5
2023-03-02,209.0,12284.6,1678.0,3,2,3,0,0,14171.6,14058.8,17986.4,18016.25,245.0,120.0,472.0,2601.5,1881.0,1326.0,11212.3,15985.4,16218.25
2023-03-03,1206.0,11900.9,1911.25,3,3,4,1,0,15018.15,14171.6,18305.25,11946.5,209.0,35.0,216.0,1678.0,1353.0,2467.5,12284.6,16917.25,9263.0
2023-03-04,348.0,8172.2,1701.75,3,4,5,1,0,10221.95,15018.15,15122.4,13939.0,1206.0,740.0,200.0,1911.25,1023.0,1961.25,11900.9,13359.4,11777.75
2023-03-05,0.0,11364.6,740.0,3,5,6,0,0,12104.6,10221.95,9260.5,20419.2,348.0,404.0,153.0,1701.75,624.5,1316.0,8172.2,8232.0,18950.2
2023-03-06,0.0,10306.15,1022.0,3,6,0,0,0,11328.15,12104.6,10434.5,9023.75,0.0,80.0,0.0,740.0,720.0,1237.0,11364.6,9634.5,7786.75
2023-03-07,0.0,12351.4,856.0,3,7,1,0,0,13207.4,11328.15,8114.45,16528.5,0.0,102.5,100.0,1022.0,972.75,829.0,10306.15,7039.2,15599.5
2023-03-08,20.0,7161.8,1987.0,3,8,2,0,0,9168.8,13207.4,14058.8,16260.5,0.0,245.0,105.0,856.0,2601.5,1413.0,12351.4,11212.3,14742.5
2023-03-09,0.0,8217.9,4404.5,3,9,3,0,0,12622.4,9168.8,14171.6,15117.5,20.0,209.0,0.0,1987.0,1678.0,773.5,7161.8,12284.6,14344.0
2023-03-10,754.0,6507.8,2050.0,3,10,4,1,0,9311.8,12622.4,15018.15,11137.0,0.0,1206.0,0.0,4404.5,1911.25,389.0,8217.9,11900.9,10748.0
2023-03-11,266.0,6813.6,848.0,3,11,5,1,0,7927.6,9311.8,10221.95,12597.85,754.0,348.0,0.0,2050.0,1701.75,1473.0,6507.8,8172.2,11124.85
2023-03-12,245.0,13621.0,308.0,3,12,6,0,0,14174.0,7927.6,12104.6,9745.35,266.0,0.0,0.0,848.0,740.0,625.0,6813.6,11364.6,9120.35
2023-03-13,192.75,10447.95,1639.0,3,13,0,0,0,12279.7,14174.0,11328.15,8881.45,245.0,0.0,66.0,308.0,1022.0,302.0,13621.0,10306.15,8513.45
2023-03-14,695.0,13476.15,854.5,3,14,1,0,0,15025.65,12279.7,13207.4,7931.85,192.75,0.0,220.0,1639.0,856.0,194.0,10447.95,12351.4,7517.85
2023-03-15,405.0,14442.9,792.0,3,15,2,0,0,15639.9,15025.65,9168.8,8578.25,695.0,20.0,435.0,854.5,1987.0,685.0,13476.15,7161.8,7458.25
2023-03-16,548.0,13983.1,798.0,3,16,3,0,0,15329.1,15639.9,12622.4,10640.5,405.0,0.0,53.0,792.0,4404.5,1150.0,14442.9,8217.9,9437.5
2023-03-17,608.0,12903.1,2569.0,3,17,4,1,0,16080.1,15329.1,9311.8,12097.7,548.0,754.0,155.25,798.0,2050.0,1065.0,13983.1,6507.8,10877.45
2023-03-18,742.0,11557.5,736.0,3,18,5,1,0,13035.5,16080.1,7927.6,12952.0,608.0,266.0,35.0,2569.0,848.0,1046.0,12903.1,6813.6,11871.0
2023-03-19,5.0,9148.6,1721.5,3,19,6,0,0,10875.1,13035.5,14174.0,20722.45,742.0,245.0,1425.0,736.0,308.0,1507.0,11557.5,13621.0,17790.45
2023-03-20,0.0,8455.95,1262.0,3,20,0,0,0,9717.95,10875.1,12279.7,11714.45,5.0,192.75,200.0,1721.5,1639.0,2039.0,9148.6,10447.95,9475.45
2023-03-21,172.0,8020.55,1957.5,3,21,1,0,0,10150.05,9717.95,15025.65,13894.5,0.0,695.0,70.0,1262.0,854.5,2627.0,8455.95,13476.15,11197.5
2023-03-22,215.0,5713.65,779.5,3,22,2,0,0,6708.15,10150.05,15639.9,14389.45,172.0,405.0,152.5,1957.5,792.0,1691.75,8020.55,14442.9,12545.2
2023-03-23,0.0,9503.0,1192.0,3,23,3,0,1,10695.0,6708.15,15329.1,20921.3,215.0,548.0,414.5,779.5,798.0,2569.5,5713.65,13983.1,17937.3
2023-03-24,398.0,7320.0,460.0,3,24,4,1,0,8178.0,10695.0,16080.1,17590.95,0.0,608.0,43.0,1192.0,2569.0,2447.25,9503.0,12903.1,15100.7
2023-03-25,0.0,5839.0,412.0,3,25,5,1,0,6251.0,8178.0,13035.5,17986.4,398.0,742.0,120.0,460.0,736.0,1881.0,7320.0,11557.5,15985.4
2023-03-26,82.0,3396.0,1401.0,3,26,6,0,0,4879.0,6251.0,10875.1,18305.25,0.0,5.0,35.0,412.0,1721.5,1353.0,5839.0,9148.6,16917.25
2023-03-27,121.0,4194.0,661.5,3,27,0,0,0,4976.5,4879.0,9717.95,15122.4,82.0,0.0,740.0,1401.0,1262.0,1023.0,3396.0,8455.95,13359.4
2023-03-28,469.5,4052.0,600.0,3,28,1,0,0,5121.5,4976.5,10150.05,9260.5,121.0,172.0,404.0,661.5,1957.5,624.5,4194.0,8020.55,8232.0
2023-03-29,0.0,4488.8,1588.0,3,29,2,0,0,6076.8,5121.5,6708.15,10434.5,469.5,215.0,80.0,600.0,779.5,720.0,4052.0,5713.65,9634.5
2023-03-30,30.0,3904.7,451.0,3,30,3,0,0,4385.7,6076.8,10695.0,8114.45,0.0,0.0,102.5,1588.0,1192.0,972.75,4488.8,9503.0,7039.2
2023-03-31,368.0,4203.6,962.5,3,31,4,1,0,5534.1,4385.7,8178.0,14058.8,30.0,398.0,245.0,451.0,460.0,2601.5,3904.7,7320.0,11212.3
2023-04-01,688.0,6594.6,720.0,4,1,5,1,0,8002.6,5534.1,6251.0,14171.6,368.0,0.0,209.0,962.5,412.0,1678.0,4203.6,5839.0,12284.6
2023-04-02,96.0,3661.6,1703.0,4,2,6,0,0,5460.6,8002.6,4879.0,15018.15,688.0,82.0,1206.0,720.0,1401.0,1911.25,6594.6,3396.0,11900.9
2023-04-03,0.0,7091.2,2638.0,4,3,0,0,0,9729.2,5460.6,4976.5,10221.95,96.0,121.0,348.0,1703.0,661.5,1701.75,3661.6,4194.0,8172.2
2023-04-04,0.0,3268.5,1967.0,4,4,1,0,0,5235.5,9729.2,5121.5,12104.6,0.0,469.5,0.0,2638.0,600.0,740.0,7091.2,4052.0,11364.6
2023-04-05,531.0,3796.0,1336.5,4,5,2,0,0,5663.5,5235.5,6076.8,11328.15,0.0,0.0,0.0,1967.0,1588.0,1022.0,3268.5,4488.8,10306.15
2023-04-06,94.0,6357.25,265.0,4,6,3,0,0,6716.25,5663.5,4385.7,13207.4,531.0,30.0,0.0,1336.5,451.0,856.0,3796.0,3904.7,12351.4
2023-04-07,586.0,5830.0,1002.0,4,7,4,1,0,7418.0,6716.25,5534.1,9168.8,94.0,368.0,20.0,265.0,962.5,1987.0,6357.25,4203.6,7161.8
2023-04-08,660.0,5603.25,1303.0,4,8,5,1,0,7566.25,7418.0,8002.6,12622.4,586.0,688.0,0.0,1002.0,720.0,4404.5,5830.0,6594.6,8217.9
2023-04-09,0.0,7051.0,440.0,4,9,6,0,0,7491.0,7566.25,5460.6,9311.8,660.0,96.0,754.0,1303.0,1703.0,2050.0,5603.25,3661.6,6507.8
2023-04-10,115.0,3938.0,868.0,4,10,0,0,0,4921.0,7491.0,9729.2,7927.6,0.0,0.0,266.0,440.0,2638.0,848.0,7051.0,7091.2,6813.6
2023-04-11,7.5,2882.5,1408.5,4,11,1,0,0,4298.5,4921.0,5235.5,14174.0,115.0,0.0,245.0,868.0,1967.0,308.0,3938.0,3268.5,13621.0
2023-04-12,0.0,6040.0,1083.0,4,12,2,0,0,7123.0,4298.5,5663.5,12279.7,7.5,531.0,192.75,1408.5,1336.5,1639.0,2882.5,3796.0,10447.95
2023-04-13,210.0,3937.5,744.0,4,13,3,0,0,4891.5,7123.0,6716.25,15025.65,0.0,94.0,695.0,1083.0,265.0,854.5,6040.0,6357.25,13476.15
2023-04-14,564.0,5588.0,1042.0,4,14,4,1,0,7194.0,4891.5,7418.0,15639.9,210.0,586.0,405.0,744.0,1002.0,792.0,3937.5,5830.0,14442.9
2023-04-15,0.0,3390.0,797.0,4,15,5,1,0,4187.0,7194.0,7566.25,15329.1,564.0,660.0,548.0,1042.0,1303.0,798.0,5588.0,5603.25,13983.1
2023-04-16,203.0,3232.0,1869.75,4,16,6,0,0,5304.75,4187.0,7491.0,16080.1,0.0,0.0,608.0,797.0,440.0,2569.0,3390.0,7051.0,12903.1
2023-04-17,208.5,5307.3,729.0,4,17,0,0,0,6244.8,5304.75,4921.0,13035.5,203.0,115.0,742.0,1869.75,868.0,736.0,3232.0,3938.0,11557.5
2023-04-18,0.0,5515.25,860.5,4,18,1,0,0,6375.75,6244.8,4298.5,10875.1,208.5,7.5,5.0,729.0,1408.5,1721.5,5307.3,2882.5,9148.6
2023-04-19,105.0,6572.0,936.0,4,19,2,0,0,7613.0,6375.75,7123.0,9717.95,0.0,0.0,0.0,860.5,1083.0,1262.0,5515.25,6040.0,8455.95
2023-04-20,0.0,7882.5,827.0,4,20,3,0,1,8709.5,7613.0,4891.5,10150.05,105.0,210.0,172.0,936.0,744.0,1957.5,6572.0,3937.5,8020.55
2023-04-21,204.0,5000.4,662.0,4,21,4,1,1,5866.4,8709.5,7194.0,6708.15,0.0,564.0,215.0,827.0,1042.0,779.5,7882.5,5588.0,5713.65
2023-04-22,0.0,11460.2,560.0,4,22,5,1,1,12020.2,5866.4,4187.0,10695.0,204.0,0.0,0.0,662.0,797.0,1192.0,5000.4,3390.0,9503.0
2023-04-23,423.0,4864.25,1315.0,4,23,6,0,1,6602.25,12020.2,5304.75,8178.0,0.0,203.0,398.0,560.0,1869.75,460.0,11460.2,3232.0,7320.0
2023-04-24,133.5,8882.4,2245.5,4,24,0,0,0,11261.4,6602.25,6244.8,6251.0,423.0,208.5,0.0,1315.0,729.0,412.0,4864.25,5307.3,5839.0
2023-04-25,0.0,5917.8,1013.5,4,25,1,0,0,6931.3,11261.4,6375.75,4879.0,133.5,0.0,82.0,2245.5,860.5,1401.0,8882.4,5515.25,3396.0
2023-04-26,0.0,12199.9,1357.0,4,26,2,0,0,13556.9,6931.3,7613.0,4976.5,0.0,105.0,121.0,1013.5,936.0,661.5,5917.8,6572.0,4194.0
2023-04-27,0.0,12051.95,4138.0,4,27,3,0,0,16189.95,13556.9,8709.5,5121.5,0.0,0.0,469.5,1357.0,827.0,600.0,12199.9,7882.5,4052.0
2023-04-28,214.0,6785.65,1406.25,4,28,4,1,0,8405.9,16189.95,5866.4,6076.8,0.0,204.0,0.0,4138.0,662.0,1588.0,12051.95,5000.4,4488.8
2023-04-29,126.0,7226.15,1489.5,4,29,5,1,0,8841.65,8405.9,12020.2,4385.7,214.0,0.0,30.0,1406.25,560.0,451.0,6785.65,11460.2,3904.7
2023-04-30,588.0,8114.8,1605.0,4,30,6,0,0,10307.8,8841.65,6602.25,5534.1,126.0,423.0,368.0,1489.5,1315.0,962.5,7226.15,4864.25,4203.6
2023-05-01,425.0,9728.9,460.0,5,1,0,0,0,10613.9,10307.8,11261.4,8002.6,588.0,133.5,688.0,1605.0,2245.5,720.0,8114.8,8882.4,6594.6
2023-05-02,0.0,11612.25,1886.5,5,2,1,0,0,13498.75,10613.9,6931.3,5460.6,425.0,0.0,96.0,460.0,1013.5,1703.0,9728.9,5917.8,3661.6
2023-05-03,30.0,8939.0,1089.0,5,3,2,0,0,10058.0,13498.75,13556.9,9729.2,0.0,0.0,0.0,1886.5,1357.0,2638.0,11612.25,12199.9,7091.2
2023-05-04,564.5,15721.7,1766.5,5,4,3,0,0,18052.7,10058.0,16189.95,5235.5,30.0,0.0,0.0,1089.0,4138.0,1967.0,8939.0,12051.95,3268.5
2023-05-05,192.0,11740.09,3643.71,5,5,4,1,0,15575.8,18052.7,8405.9,5663.5,564.5,214.0,531.0,1766.5,1406.25,1336.5,15721.7,6785.65,3796.0
2023-05-06,108.0,5682.7,1801.0,5,6,5,1,0,7591.7,15575.8,8841.65,6716.25,192.0,126.0,94.0,3643.71,1489.5,265.0,11740.09,7226.15,6357.25
2023-05-07,242.0,11943.3,312.0,5,7,6,0,0,12497.3,7591.7,10307.8,7418.0,108.0,588.0,586.0,1801.0,1605.0,1002.0,5682.7,8114.8,5830.0
2023-05-08,174.25,5575.3,952.5,5,8,0,0,0,6702.05,12497.3,10613.9,7566.25,242.0,425.0,660.0,312.0,460.0,1303.0,11943.3,9728.9,5603.25
2023-05-09,0.0,13656.5,682.25,5,9,1,0,0,14338.75,6702.05,13498.75,7491.0,174.25,0.0,0.0,952.5,1886.5,440.0,5575.3,11612.25,7051.0
2023-05-10,652.0,13639.15,2875.5,5,10,2,0,0,17166.65,14338.75,10058.0,4921.0,0.0,30.0,115.0,682.25,1089.0,868.0,13656.5,8939.0,3938.0
2023-05-11,385.0,11604.5,3276.5,5,11,3,0,0,15266.0,17166.65,18052.7,4298.5,652.0,564.5,7.5,2875.5,1766.5,1408.5,13639.15,15721.7,2882.5
2023-05-12,1337.0,9345.9,2462.0,5,12,4,1,0,13144.9,15266.0,15575.8,7123.0,385.0,192.0,0.0,3276.5,3643.71,1083.0,11604.5,11740.09,6040.0
2023-05-13,75.0,8155.6,1542.45,5,13,5,1,0,9773.05,13144.9,7591.7,4891.5,1337.0,108.0,210.0,2462.0,1801.0,744.0,9345.9,5682.7,3937.5
2023-05-14,895.2,7485.55,839.0,5,14,6,0,0,9219.75,9773.05,12497.3,7194.0,75.0,242.0,564.0,1542.45,312.0,1042.0,8155.6,11943.3,5588.0
2023-05-15,639.8,8010.45,1680.0,5,15,0,0,0,10330.25,9219.75,6702.05,4187.0,895.2,174.25,0.0,839.0,952.5,797.0,7485.55,5575.3,3390.0
2023-05-16,701.0,10605.9,1929.25,5,16,1,0,0,13236.15,10330.25,14338.75,5304.75,639.8,0.0,203.0,1680.0,682.25,1869.75,8010.45,13656.5,3232.0
2023-05-17,265.0,12520.7,687.75,5,17,2,0,0,13473.45,13236.15,17166.65,6244.8,701.0,652.0,208.5,1929.25,2875.5,729.0,10605.9,13639.15,5307.3
2023-05-18,0.0,14779.3,1174.5,5,18,3,0,0,15953.8,13473.45,15266.0,6375.75,265.0,385.0,0.0,687.75,3276.5,860.5,12520.7,11604.5,5515.25
2023-05-19,787.0,7897.15,3121.25,5,19,4,1,0,11805.4,15953.8,13144.9,7613.0,0.0,1337.0,105.0,1174.5,2462.0,936.0,14779.3,9345.9,6572.0
2023-05-20,60.0,9793.35,1025.0,5,20,5,1,0,10878.35,11805.4,9773.05,8709.5,787.0,75.0,0.0,3121.25,1542.45,827.0,7897.15,8155.6,7882.5
2023-05-21,107.5,9067.4,1338.0,5,21,6,0,0,10512.9,10878.35,9219.75,5866.4,60.0,895.2,204.0,1025.0,839.0,662.0,9793.35,7485.55,5000.4
2023-05-22,347.0,6965.2,1326.75,5,22,0,0,0,8638.95,10512.9,10330.25,12020.2,107.5,639.8,0.0,1338.0,1680.0,560.0,9067.4,8010.45,11460.2
2023-05-23,449.0,10548.85,864.0,5,23,1,0,0,11861.85,8638.95,13236.15,6602.25,347.0,701.0,423.0,1326.75,1929.25,1315.0,6965.2,10605.9,4864.25
2023-05-24,355.0,11244.1,3313.0,5,24,2,0,0,14912.1,11861.85,13473.45,11261.4,449.0,265.0,133.5,864.0,687.75,2245.5,10548.85,12520.7,8882.4
2023-05-25,206.5,9815.25,2187.5,5,25,3,0,0,12209.25,14912.1,15953.8,6931.3,355.0,0.0,0.0,3313.0,1174.5,1013.5,11244.1,14779.3,5917.8
2023-05-26,1231.0,11196.65,1989.0,5,26,4,1,0,14416.65,12209.25,11805.4,13556.9,206.5,787.0,0.0,2187.5,3121.25,1357.0,9815.25,7897.15,12199.9
2023-05-27,319.0,7775.95,3410.5,5,27,5,1,0,11505.45,14416.65,10878.35,16189.95,1231.0,60.0,0.0,1989.0,1025.0,4138.0,11196.65,9793.35,12051.95
2023-05-28,0.0,5709.25,1498.0,5,28,6,0,0,7207.25,11505.45,10512.9,8405.9,319.0,107.5,214.0,3410.5,1338.0,1406.25,7775.95,9067.4,6785.65
2023-05-29,545.0,5109.25,1228.5,5,29,0,0,0,6882.75,7207.25,8638.95,8841.65,0.0,347.0,126.0,1498.0,1326.75,1489.5,5709.25,6965.2,7226.15
2023-05-30,100.0,7851.4,1618.75,5,30,1,0,0,9570.15,6882.75,11861.85,10307.8,545.0,449.0,588.0,1228.5,864.0,1605.0,5109.25,10548.85,8114.8
2023-05-31,409.5,11576.6,2911.75,5,31,2,0,0,14897.85,9570.15,14912.1,10613.9,100.0,355.0,425.0,1618.75,3313.0,460.0,7851.4,11244.1,9728.9
2023-06-01,42.5,11265.4,2888.25,6,1,3,0,0,14196.15,14897.85,12209.25,13498.75,409.5,206.5,0.0,2911.75,2187.5,1886.5,11576.6,9815.25,11612.25
2023-06-02,869.0,15405.15,1520.0,6,2,4,1,0,17794.15,14196.15,14416.65,10058.0,42.5,1231.0,30.0,2888.25,1989.0,1089.0,11265.4,11196.65,8939.0
2023-06-03,0.0,10215.7,357.0,6,3,5,1,0,10572.7,17794.15,11505.45,18052.7,869.0,319.0,564.5,1520.0,3410.5,1766.5,15405.15,7775.95,15721.7
2023-06-04,0.0,5232.5,406.0,6,4,6,0,0,5638.5,10572.7,7207.25,15575.8,0.0,0.0,192.0,357.0,1498.0,3643.71,10215.7,5709.25,11740.09
2023-06-05,205.0,11805.4,2988.25,6,5,0,0,0,14998.65,5638.5,6882.75,7591.7,0.0,545.0,108.0,406.0,1228.5,1801.0,5232.5,5109.25,5682.7
2023-06-06,0.0,10927.4,1799.5,6,6,1,0,0,12726.9,14998.65,9570.15,12497.3,205.0,100.0,242.0,2988.25,1618.75,312.0,11805.4,7851.4,11943.3
2023-06-07,587.0,9163.4,2528.75,6,7,2,0,0,12279.15,12726.9,14897.85,6702.05,0.0,409.5,174.25,1799.5,2911.75,952.5,10927.4,11576.6,5575.3
2023-06-08,1059.0,13039.75,1872.5,6,8,3,0,0,15971.25,12279.15,14196.15,14338.75,587.0,42.5,0.0,2528.75,2888.25,682.25,9163.4,11265.4,13656.5
2023-06-09,692.0,10851.7,2217.5,6,9,4,1,0,13761.2,15971.25,17794.15,17166.65,1059.0,869.0,652.0,1872.5,1520.0,2875.5,13039.75,15405.15,13639.15
2023-06-10,105.0,17438.55,1024.0,6,10,5,1,0,18567.55,13761.2,10572.7,15266.0,692.0,0.0,385.0,2217.5,357.0,3276.5,10851.7,10215.7,11604.5
2023-06-11,0.0,7061.6,1392.0,6,11,6,0,0,8453.6,18567.55,5638.5,13144.9,105.0,0.0,1337.0,1024.0,406.0,2462.0,17438.55,5232.5,9345.9
2023-06-12,215.0,9076.25,1695.75,6,12,0,0,0,10987.0,8453.6,14998.65,9773.05,0.0,205.0,75.0,1392.0,2988.25,1542.45,7061.6,11805.4,8155.6
2023-06-13,248.0,8673.7,979.0,6,13,1,0,0,9900.7,10987.0,12726.9,9219.75,215.0,0.0,895.2,1695.75,1799.5,839.0,9076.25,10927.4,7485.55
2023-06-14,0.0,11450.9,1729.0,6,14,2,0,0,13179.9,9900.7,12279.15,10330.25,248.0,587.0,639.8,979.0,2528.75,1680.0,8673.7,9163.4,8010.45
2023-06-15,370.0,11975.4,3845.75,6,15,3,0,0,16191.15,13179.9,15971.25,13236.15,0.0,1059.0,701.0,1729.0,1872.5,1929.25,11450.9,13039.75,10605.9
2023-06-16,410.0,7791.2,2207.0,6,16,4,1,0,10408.2,16191.15,13761.2,13473.45,370.0,692.0,265.0,3845.75,2217.5,687.75,11975.4,10851.7,12520.7
2023-06-17,0.0,10303.65,2819.5,6,17,5,1,0,13123.15,10408.2,18567.55,15953.8,410.0,105.0,0.0,2207.0,1024.0,1174.5,7791.2,17438.55,14779.3
2023-06-18,0.0,11674.15,846.0,6,18,6,0,0,12520.15,13123.15,8453.6,11805.4,0.0,0.0,787.0,2819.5,1392.0,3121.25,10303.65,7061.6,7897.15
2023-06-19,535.0,8558.45,1462.5,6,19,0,0,0,10555.95,12520.15,10987.0,10878.35,0.0,215.0,60.0,846.0,1695.75,1025.0,11674.15,9076.25,9793.35
2023-06-20,0.0,13094.35,2287.5,6,20,1,0,1,15381.85,10555.95,9900.7,10512.9,535.0,248.0,107.5,1462.5,979.0,1338.0,8558.45,8673.7,9067.4
2023-06-21,755.0,13466.9,1500.5,6,21,2,0,0,15722.4,15381.85,13179.9,8638.95,0.0,0.0,347.0,2287.5,1729.0,1326.75,13094.35,11450.9,6965.2
2023-06-22,0.0,11874.2,3500.0,6,22,3,0,0,15374.2,15722.4,16191.15,11861.85,755.0,370.0,449.0,1500.5,3845.75,864.0,13466.9,11975.4,10548.85
2023-06-23,950.0,10466.4,1325.0,6,23,4,1,0,12741.4,15374.2,10408.2,14912.1,0.0,410.0,355.0,3500.0,2207.0,3313.0,11874.2,7791.2,11244.1
2023-06-24,80.0,9948.25,1301.75,6,24,5,1,0,11330.0,12741.4,13123.15,12209.25,950.0,0.0,206.5,1325.0,2819.5,2187.5,10466.4,10303.65,9815.25
2023-06-25,132.75,6145.75,595.5,6,25,6,0,0,6874.0,11330.0,12520.15,14416.65,80.0,0.0,1231.0,1301.75,846.0,1989.0,9948.25,11674.15,11196.65
2023-06-26,845.0,6024.05,1511.5,6,26,0,0,0,8380.55,6874.0,10555.95,11505.45,132.75,535.0,319.0,595.5,1462.5,3410.5,6145.75,8558.45,7775.95
2023-06-27,229.0,5940.55,4513.75,6,27,1,0,0,10683.3,8380.55,15381.85,7207.25,845.0,0.0,0.0,1511.5,2287.5,1498.0,6024.05,13094.35,5709.25
2023-06-28,75.0,6967.75,2683.5,6,28,2,0,1,9726.25,10683.3,15722.4,6882.75,229.0,755.0,545.0,4513.75,1500.5,1228.5,5940.55,13466.9,5109.25
2023-06-29,0.0,7331.65,479.0,6,29,3,0,1,7810.65,9726.25,15374.2,9570.15,75.0,0.0,100.0,2683.5,3500.0,1618.75,6967.75,11874.2,7851.4
2023-06-30,0.0,8772.15,1115.0,6,30,4,1,1,9887.15,7810.65,12741.4,14897.85,0.0,950.0,409.5,479.0,1325.0,2911.75,7331.65,10466.4,11576.6
2023-07-01,0.0,11297.1,1208.0,7,1,5,1,0,12505.1,9887.15,11330.0,14196.15,0.0,80.0,42.5,1115.0,1301.75,2888.25,8772.15,9948.25,11265.4
2023-07-02,432.0,10906.55,1491.05,7,2,6,0,0,12829.6,12505.1,6874.0,17794.15,0.0,132.75,869.0,1208.0,595.5,1520.0,11297.1,6145.75,15405.15
2023-07-03,150.0,7230.3,1354.5,7,3,0,0,0,8734.8,12829.6,8380.55,10572.7,432.0,845.0,0.0,1491.05,1511.5,357.0,10906.55,6024.05,10215.7
2023-07-04,402.0,12339.5,2591.5,7,4,1,0,0,15333.0,8734.8,10683.3,5638.5,150.0,229.0,0.0,1354.5,4513.75,406.0,7230.3,5940.55,5232.5
2023-07-05,188.0,11234.2,1499.0,7,5,2,0,0,12921.2,15333.0,9726.25,14998.65,402.0,75.0,205.0,2591.5,2683.5,2988.25,12339.5,6967.75,11805.4
2023-07-06,501.0,10760.0,2042.5,7,6,3,0,0,13303.5,12921.2,7810.65,12726.9,188.0,0.0,0.0,1499.0,479.0,1799.5,11234.2,7331.65,10927.4
2023-07-07,170.0,8907.95,2396.0,7,7,4,1,0,11473.95,13303.5,9887.15,12279.15,501.0,0.0,587.0,2042.5,1115.0,2528.75,10760.0,8772.15,9163.4
2023-07-08,10.0,7955.1,515.0,7,8,5,1,0,8480.1,11473.95,12505.1,15971.25,170.0,0.0,1059.0,2396.0,1208.0,1872.5,8907.95,11297.1,13039.75
2023-07-09,0.0,6213.95,463.0,7,9,6,0,0,6676.95,8480.1,12829.6,13761.2,10.0,432.0,692.0,515.0,1491.05,2217.5,7955.1,10906.55,10851.7
2023-07-10,523.0,6449.35,915.0,7,10,0,0,0,7887.35,6676.95,8734.8,18567.55,0.0,150.0,105.0,463.0,1354.5,1024.0,6213.95,7230.3,17438.55
2023-07-11,334.5,7883.3,1249.0,7,11,1,0,0,9466.8,7887.35,15333.0,8453.6,523.0,402.0,0.0,915.0,2591.5,1392.0,6449.35,12339.5,7061.6
2023-07-12,30.0,9690.8,1254.75,7,12,2,0,0,10975.55,9466.8,12921.2,10987.0,334.5,188.0,215.0,1249.0,1499.0,1695.75,7883.3,11234.2,9076.25
2023-07-13,0.0,5898.3,1002.0,7,13,3,0,0,6900.3,10975.55,13303.5,9900.7,30.0,501.0,248.0,1254.75,2042.5,979.0,9690.8,10760.0,8673.7
2023-07-14,1077.5,11657.45,1344.5,7,14,4,1,0,14079.45,6900.3,11473.95,13179.9,0.0,170.0,0.0,1002.0,2396.0,1729.0,5898.3,8907.95,11450.9
2023-07-15,108.0,8461.5,1100.0,7,15,5,1,0,9669.5,14079.45,8480.1,16191.15,1077.5,10.0,370.0,1344.5,515.0,3845.75,11657.45,7955.1,11975.4
2023-07-16,0.0,4369.8,1670.0,7,16,6,0,0,6039.8,9669.5,6676.95,10408.2,108.0,0.0,410.0,1100.0,463.0,2207.0,8461.5,6213.95,7791.2
2023-07-17,125.0,6705.35,1441.0,7,17,0,0,0,8271.35,6039.8,7887.35,13123.15,0.0,523.0,0.0,1670.0,915.0,2819.5,4369.8,6449.35,10303.65
2023-07-18,265.0,6621.1,1614.5,7,18,1,0,0,8500.6,8271.35,9466.8,12520.15,125.0,334.5,0.0,1441.0,1249.0,846.0,6705.35,7883.3,11674.15
2023-07-19,21.5,8094.9,693.0,7,19,2,0,0,8809.4,8500.6,10975.55,10555.95,265.0,30.0,535.0,1614.5,1254.75,1462.5,6621.1,9690.8,8558.45
2023-07-20,175.0,10422.2,2181.5,7,20,3,0,0,12778.7,8809.4,6900.3,15381.85,21.5,0.0,0.0,693.0,1002.0,2287.5,8094.9,5898.3,13094.35
2023-07-21,0.0,13108.35,941.25,7,21,4,1,0,14049.6,12778.7,14079.45,15722.4,175.0,1077.5,755.0,2181.5,1344.5,1500.5,10422.2,11657.45,13466.9
2023-07-22,397.0,10632.2,869.0,7,22,5,1,0,11898.2,14049.6,9669.5,15374.2,0.0,108.0,0.0,941.25,1100.0,3500.0,13108.35,8461.5,11874.2
2023-07-23,196.5,5825.8,1056.0,7,23,6,0,0,7078.3,11898.2,6039.8,12741.4,397.0,0.0,950.0,869.0,1670.0,1325.0,10632.2,4369.8,10466.4
2023-07-24,316.5,5528.9,840.5,7,24,0,0,0,6685.9,7078.3,8271.35,11330.0,196.5,125.0,80.0,1056.0,1441.0,1301.75,5825.8,6705.35,9948.25
2023-07-25,309.5,7320.55,1093.0,7,25,1,0,0,8723.05,6685.9,8500.6,6874.0,316.5,265.0,132.75,840.5,1614.5,595.5,5528.9,6621.1,6145.75
2023-07-26,64.5,8170.55,1278.0,7,26,2,0,0,9513.05,8723.05,8809.4,8380.55,309.5,21.5,845.0,1093.0,693.0,1511.5,7320.55,8094.9,6024.05
2023-07-27,409.0,9426.4,1580.0,7,27,3,0,0,11415.4,9513.05,12778.7,10683.3,64.5,175.0,229.0,1278.0,2181.5,4513.75,8170.55,10422.2,5940.55
2023-07-28,1020.5,7091.55,2704.25,7,28,4,1,0,10816.3,11415.4,14049.6,9726.25,409.0,0.0,75.0,1580.0,941.25,2683.5,9426.4,13108.35,6967.75
2023-07-29,83.0,7366.45,1524.0,7,29,5,1,0,8973.45,10816.3,11898.2,7810.65,1020.5,397.0,0.0,2704.25,869.0,479.0,7091.55,10632.2,7331.65
2023-07-30,140.0,3521.9,493.0,7,30,6,0,0,4154.9,8973.45,7078.3,9887.15,83.0,196.5,0.0,1524.0,1056.0,1115.0,7366.45,5825.8,8772.15
2023-07-31,260.0,5428.3,1517.0,7,31,0,0,0,7205.3,4154.9,6685.9,12505.1,140.0,316.5,0.0,493.0,840.5,1208.0,3521.9,5528.9,11297.1
2023-08-01,886.5,6013.45,729.0,8,1,1,0,0,7628.95,7205.3,8723.05,12829.6,260.0,309.5,432.0,1517.0,1093.0,1491.05,5428.3,7320.55,10906.55
2023-08-02,519.0,5926.0,1782.5,8,2,2,0,0,8227.5,7628.95,9513.05,8734.8,886.5,64.5,150.0,729.0,1278.0,1354.5,6013.45,8170.55,7230.3
2023-08-03,86.25,6528.6,877.0,8,3,3,0,0,7491.85,8227.5,11415.4,15333.0,519.0,409.0,402.0,1782.5,1580.0,2591.5,5926.0,9426.4,12339.5
2023-08-04,259.5,9559.5,1101.5,8,4,4,1,0,10920.5,7491.85,10816.3,12921.2,86.25,1020.5,188.0,877.0,2704.25,1499.0,6528.6,7091.55,11234.2
2023-08-05,0.0,10053.1,2113.5,8,5,5,1,0,12166.6,10920.5,8973.45,13303.5,259.5,83.0,501.0,1101.5,1524.0,2042.5,9559.5,7366.45,10760.0
2023-08-06,176.0,10512.95,776.0,8,6,6,0,0,11464.95,12166.6,4154.9,11473.95,0.0,140.0,170.0,2113.5,493.0,2396.0,10053.1,3521.9,8907.95
2023-08-07,829.5,7225.5,678.0,8,7,0,0,0,8733.0,11464.95,7205.3,8480.1,176.0,260.0,10.0,776.0,1517.0,515.0,10512.95,5428.3,7955.1
2023-08-08,716.0,6894.9,754.0,8,8,1,0,0,8364.9,8733.0,7628.95,6676.95,829.5,886.5,0.0,678.0,729.0,463.0,7225.5,6013.45,6213.95
2023-08-09,674.0,7627.0,1951.0,8,9,2,0,0,10252.0,8364.9,8227.5,7887.35,716.0,519.0,523.0,754.0,1782.5,915.0,6894.9,5926.0,6449.35
2023-08-10,290.0,10023.2,1657.5,8,10,3,0,0,11970.7,10252.0,7491.85,9466.8,674.0,86.25,334.5,1951.0,877.0,1249.0,7627.0,6528.6,7883.3
2023-08-11,496.0,11686.6,5802.5,8,11,4,1,0,17985.1,11970.7,10920.5,10975.55,290.0,259.5,30.0,1657.5,1101.5,1254.75,10023.2,9559.5,9690.8
2023-08-12,255.5,8172.1,2091.5,8,12,5,1,0,10519.1,17985.1,12166.6,6900.3,496.0,0.0,0.0,5802.5,2113.5,1002.0,11686.6,10053.1,5898.3
2023-08-13,0.0,6664.85,2829.5,8,13,6,0,0,9494.35,10519.1,11464.95,14079.45,255.5,176.0,1077.5,2091.5,776.0,1344.5,8172.1,10512.95,11657.45
2023-08-14,673.5,7321.7,1463.75,8,14,0,0,0,9458.95,9494.35,8733.0,9669.5,0.0,829.5,108.0,2829.5,678.0,1100.0,6664.85,7225.5,8461.5
2023-08-15,100.0,7433.3,2017.0,8,15,1,0,0,9550.3,9458.95,8364.9,6039.8,673.5,716.0,0.0,1463.75,754.0,1670.0,7321.7,6894.9,4369.8
2023-08-16,340.0,7344.5,2944.5,8,16,2,0,0,10629.0,9550.3,10252.0,8271.35,100.0,674.0,125.0,2017.0,1951.0,1441.0,7433.3,7627.0,6705.35
2023-08-17,318.0,7344.5,908.0,8,17,3,0,0,8570.5,10629.0,11970.7,8500.6,340.0,290.0,265.0,2944.5,1657.5,1614.5,7344.5,10023.2,6621.1
2023-08-18,1072.0,8825.4,903.0,8,18,4,1,0,10800.4,8570.5,17985.1,8809.4,318.0,496.0,21.5,908.0,5802.5,693.0,7344.5,11686.6,8094.9
2023-08-19,879.0,11369.65,827.0,8,19,5,1,0,13075.65,10800.4,10519.1,12778.7,1072.0,255.5,175.0,903.0,2091.5,2181.5,8825.4,8172.1,10422.2
2023-08-20,567.0,8134.5,1105.0,8,20,6,0,0,9806.5,13075.65,9494.35,14049.6,879.0,0.0,0.0,827.0,2829.5,941.25,11369.65,6664.85,13108.35
2023-08-21,1048.5,6195.1,756.0,8,21,0,0,0,7999.6,9806.5,9458.95,11898.2,567.0,673.5,397.0,1105.0,1463.75,869.0,8134.5,7321.7,10632.2
2023-08-22,287.5,7798.4,505.5,8,22,1,0,0,8591.4,7999.6,9550.3,7078.3,1048.5,100.0,196.5,756.0,2017.0,1056.0,6195.1,7433.3,5825.8
2023-08-23,43.0,6668.1,845.0,8,23,2,0,0,7556.1,8591.4,10629.0,6685.9,287.5,340.0,316.5,505.5,2944.5,840.5,7798.4,7344.5,5528.9
2023-08-24,300.0,8746.3,1570.5,8,24,3,0,0,10616.8,7556.1,8570.5,8723.05,43.0,318.0,309.5,845.0,908.0,1093.0,6668.1,7344.5,7320.55
2023-08-25,345.0,13143.55,2358.0,8,25,4,1,0,15846.55,10616.8,10800.4,9513.05,300.0,1072.0,64.5,1570.5,903.0,1278.0,8746.3,8825.4,8170.55
2023-08-26,330.0,12203.4,3332.0,8,26,5,1,0,15865.4,15846.55,13075.65,11415.4,345.0,879.0,409.0,2358.0,827.0,1580.0,13143.55,11369.65,9426.4
2023-08-27,0.0,9569.35,2462.75,8,27,6,0,0,12032.1,15865.4,9806.5,10816.3,330.0,567.0,1020.5,3332.0,1105.0,2704.25,12203.4,8134.5,7091.55
2023-08-28,188.0,7359.1,1673.0,8,28,0,0,0,9220.1,12032.1,7999.6,8973.45,0.0,1048.5,83.0,2462.75,756.0,1524.0,9569.35,6195.1,7366.45
2023-08-29,932.0,7940.6,1596.0,8,29,1,0,0,10468.6,9220.1,8591.4,4154.9,188.0,287.5,140.0,1673.0,505.5,493.0,7359.1,7798.4,3521.9
2023-08-30,524.5,8172.9,869.0,8,30,2,0,0,9566.4,10468.6,7556.1,7205.3,932.0,43.0,260.0,1596.0,845.0,1517.0,7940.6,6668.1,5428.3
2023-08-31,398.5,9512.8,6373.75,8,31,3,0,0,16285.05,9566.4,10616.8,7628.95,524.5,300.0,886.5,869.0,1570.5,729.0,8172.9,8746.3,6013.45
2023-09-01,466.0,13055.0,2571.75,9,1,4,1,0,16092.75,16285.05,15846.55,8227.5,398.5,345.0,519.0,6373.75,2358.0,1782.5,9512.8,13143.55,5926.0
2023-09-02,694.75,13590.3,1731.0,9,2,5,1,0,16016.05,16092.75,15865.4,7491.85,466.0,330.0,86.25,2571.75,3332.0,877.0,13055.0,12203.4,6528.6
2023-09-03,0.0,13028.75,1685.5,9,3,6,0,0,14714.25,16016.05,12032.1,10920.5,694.75,0.0,259.5,1731.0,2462.75,1101.5,13590.3,9569.35,9559.5
2023-09-04,245.0,9298.65,1150.4,9,4,0,0,0,10694.05,14714.25,9220.1,12166.6,0.0,188.0,0.0,1685.5,1673.0,2113.5,13028.75,7359.1,10053.1
2023-09-05,40.0,12137.55,2512.0,9,5,1,0,0,14689.55,10694.05,10468.6,11464.95,245.0,932.0,176.0,1150.4,1596.0,776.0,9298.65,7940.6,10512.95
2023-09-06,272.5,10581.25,2478.0,9,6,2,0,0,13331.75,14689.55,9566.4,8733.0,40.0,524.5,829.5,2512.0,869.0,678.0,12137.55,8172.9,7225.5
2023-09-07,475.5,11700.35,1587.5,9,7,3,0,0,13763.35,13331.75,16285.05,8364.9,272.5,398.5,716.0,2478.0,6373.75,754.0,10581.25,9512.8,6894.9
2023-09-08,573.0,12837.7,1938.5,9,8,4,1,0,15349.2,13763.35,16092.75,10252.0,475.5,466.0,674.0,1587.5,2571.75,1951.0,11700.35,13055.0,7627.0
2023-09-09,0.0,11560.6,3551.0,9,9,5,1,0,15111.6,15349.2,16016.05,11970.7,573.0,694.75,290.0,1938.5,1731.0,1657.5,12837.7,13590.3,10023.2
2023-09-10,289.0,5870.45,1963.5,9,10,6,0,0,8122.95,15111.6,14714.25,17985.1,0.0,0.0,496.0,3551.0,1685.5,5802.5,11560.6,13028.75,11686.6
2023-09-11,100.0,10434.4,1577.0,9,11,0,0,0,12111.4,8122.95,10694.05,10519.1,289.0,245.0,255.5,1963.5,1150.4,2091.5,5870.45,9298.65,8172.1
2023-09-12,391.5,13717.4,1304.0,9,12,1,0,0,15412.9,12111.4,14689.55,9494.35,100.0,40.0,0.0,1577.0,2512.0,2829.5,10434.4,12137.55,6664.85
2023-09-13,614.0,12509.2,2701.5,9,13,2,0,0,15824.7,15412.9,13331.75,9458.95,391.5,272.5,673.5,1304.0,2478.0,1463.75,13717.4,10581.25,7321.7
2023-09-14,718.5,11021.9,2360.0,9,14,3,0,0,14100.4,15824.7,13763.35,9550.3,614.0,475.5,100.0,2701.5,1587.5,2017.0,12509.2,11700.35,7433.3
2023-09-15,251.0,11164.65,2989.5,9,15,4,1,0,14405.15,14100.4,15349.2,10629.0,718.5,573.0,340.0,2360.0,1938.5,2944.5,11021.9,12837.7,7344.5
2023-09-16,192.0,11898.8,2087.5,9,16,5,1,0,14178.3,14405.15,15111.6,8570.5,251.0,0.0,318.0,2989.5,3551.0,908.0,11164.65,11560.6,7344.5
2023-09-17,0.0,10818.7,1171.0,9,17,6,0,0,11989.7,14178.3,8122.95,10800.4,192.0,289.0,1072.0,2087.5,1963.5,903.0,11898.8,5870.45,8825.4
2023-09-18,98.0,6783.0,1414.5,9,18,0,0,0,8295.5,11989.7,12111.4,13075.65,0.0,100.0,879.0,1171.0,1577.0,827.0,10818.7,10434.4,11369.65
2023-09-19,375.5,14386.35,1644.5,9,19,1,0,0,16406.35,8295.5,15412.9,9806.5,98.0,391.5,567.0,1414.5,1304.0,1105.0,6783.0,13717.4,8134.5
2023-09-20,685.5,16388.1,2007.5,9,20,2,0,0,19081.1,16406.35,15824.7,7999.6,375.5,614.0,1048.5,1644.5,2701.5,756.0,14386.35,12509.2,6195.1
2023-09-21,470.0,14299.0,1200.0,9,21,3,0,0,15969.0,19081.1,14100.4,8591.4,685.5,718.5,287.5,2007.5,2360.0,505.5,16388.1,11021.9,7798.4
2023-09-22,645.0,16751.3,1640.0,9,22,4,1,0,19036.3,15969.0,14405.15,7556.1,470.0,251.0,43.0,1200.0,2989.5,845.0,14299.0,11164.65,6668.1
2023-09-23,452.0,12341.95,366.0,9,23,5,1,0,13159.95,19036.3,14178.3,10616.8,645.0,192.0,300.0,1640.0,2087.5,1570.5,16751.3,11898.8,8746.3
2023-09-24,229.5,11059.05,1488.0,9,24,6,0,0,12776.55,13159.95,11989.7,15846.55,452.0,0.0,345.0,366.0,1171.0,2358.0,12341.95,10818.7,13143.55
2023-09-25,0.0,9235.8,1631.0,9,25,0,0,0,10866.8,12776.55,8295.5,15865.4,229.5,98.0,330.0,1488.0,1414.5,3332.0,11059.05,6783.0,12203.4
2023-09-26,36.0,10106.5,1183.5,9,26,1,0,0,11326.0,10866.8,16406.35,12032.1,0.0,375.5,0.0,1631.0,1644.5,2462.75,9235.8,14386.35,9569.35
2023-09-27,238.0,10004.7,1305.0,9,27,2,0,0,11547.7,11326.0,19081.1,9220.1,36.0,685.5,188.0,1183.5,2007.5,1673.0,10106.5,16388.1,7359.1
2023-09-28,541.5,13191.1,3034.75,9,28,3,0,0,16767.35,11547.7,15969.0,10468.6,238.0,470.0,932.0,1305.0,1200.0,1596.0,10004.7,14299.0,7940.6
2023-09-29,653.0,9453.8,707.0,9,29,4,1,0,10813.8,16767.35,19036.3,9566.4,541.5,645.0,524.5,3034.75,1640.0,869.0,13191.1,16751.3,8172.9
2023-09-30,310.5,12714.85,2613.5,9,30,5,1,0,15638.85,10813.8,13159.95,16285.05,653.0,452.0,398.5,707.0,366.0,6373.75,9453.8,12341.95,9512.8
2023-10-01,49.0,7142.0,1845.0,10,1,6,0,0,9036.0,15638.85,12776.55,16092.75,310.5,229.5,466.0,2613.5,1488.0,2571.75,12714.85,11059.05,13055.0
2023-10-02,96.0,9967.0,1405.0,10,2,0,0,0,11468.0,9036.0,10866.8,16016.05,49.0,0.0,694.75,1845.0,1631.0,1731.0,7142.0,9235.8,13590.3
2023-10-03,411.0,11804.55,1558.5,10,3,1,0,0,13774.05,11468.0,11326.0,14714.25,96.0,36.0,0.0,1405.0,1183.5,1685.5,9967.0,10106.5,13028.75
2023-10-04,276.5,14468.75,1700.0,10,4,2,0,0,16445.25,13774.05,11547.7,10694.05,411.0,238.0,245.0,1558.5,1305.0,1150.4,11804.55,10004.7,9298.65
2023-10-05,50.0,11976.0,1757.0,10,5,3,0,0,13783.0,16445.25,16767.35,14689.55,276.5,541.5,40.0,1700.0,3034.75,2512.0,14468.75,13191.1,12137.55
2023-10-06,123.5,13049.9,3845.5,10,6,4,1,0,17018.9,13783.0,10813.8,13331.75,50.0,653.0,272.5,1757.0,707.0,2478.0,11976.0,9453.8,10581.25
2023-10-07,461.0,9974.65,893.0,10,7,5,1,0,11328.65,17018.9,15638.85,13763.35,123.5,310.5,475.5,3845.5,2613.5,1587.5,13049.9,12714.85,11700.35
2023-10-08,0.0,14257.15,708.0,10,8,6,0,0,14965.15,11328.65,9036.0,15349.2,461.0,49.0,573.0,893.0,1845.0,1938.5,9974.65,7142.0,12837.7
2023-10-09,202.0,13736.6,1627.0,10,9,0,0,0,15565.6,14965.15,11468.0,15111.6,0.0,96.0,0.0,708.0,1405.0,3551.0,14257.15,9967.0,11560.6
2023-10-10,467.5,13446.5,1190.5,10,10,1,0,0,15104.5,15565.6,13774.05,8122.95,202.0,411.0,289.0,1627.0,1558.5,1963.5,13736.6,11804.55,5870.45
2023-10-11,969.5,11785.1,2784.0,10,11,2,0,0,15538.6,15104.5,16445.25,12111.4,467.5,276.5,100.0,1190.5,1700.0,1577.0,13446.5,14468.75,10434.4
2023-10-12,0.0,8934.25,1696.0,10,12,3,0,0,10630.25,15538.6,13783.0,15412.9,969.5,50.0,391.5,2784.0,1757.0,1304.0,11785.1,11976.0,13717.4
2023-10-13,476.0,11077.8,552.0,10,13,4,1,0,12105.8,10630.25,17018.9,15824.7,0.0,123.5,614.0,1696.0,3845.5,2701.5,8934.25,13049.9,12509.2
2023-10-14,108.0,9891.4,921.0,10,14,5,1,0,10920.4,12105.8,11328.65,14100.4,476.0,461.0,718.5,552.0,893.0,2360.0,11077.8,9974.65,11021.9
2023-10-15,0.0,8355.9,1249.5,10,15,6,0,0,9605.4,10920.4,14965.15,14405.15,108.0,0.0,251.0,921.0,708.0,2989.5,9891.4,14257.15,11164.65
2023-10-16,385.5,10505.25,1451.0,10,16,0,0,0,12341.75,9605.4,15565.6,14178.3,0.0,202.0,192.0,1249.5,1627.0,2087.5,8355.9,13736.6,11898.8
2023-10-17,835.0,12375.4,1133.5,10,17,1,0,0,14343.9,12341.75,15104.5,11989.7,385.5,467.5,0.0,1451.0,1190.5,1171.0,10505.25,13446.5,10818.7
2023-10-18,334.0,9668.79,2288.5,10,18,2,0,0,12291.29,14343.9,15538.6,8295.5,835.0,969.5,98.0,1133.5,2784.0,1414.5,12375.4,11785.1,6783.0
2023-10-19,96.0,7131.5,1954.0,10,19,3,0,0,9181.5,12291.29,10630.25,16406.35,334.0,0.0,375.5,2288.5,1696.0,1644.5,9668.79,8934.25,14386.35
2023-10-20,835.0,10896.5,1287.5,10,20,4,1,0,13019.0,9181.5,12105.8,19081.1,96.0,476.0,685.5,1954.0,552.0,2007.5,7131.5,11077.8,16388.1
2023-10-21,0.0,14267.45,894.5,10,21,5,1,0,15161.95,13019.0,10920.4,15969.0,835.0,108.0,470.0,1287.5,921.0,1200.0,10896.5,9891.4,14299.0
2023-10-22,40.0,7776.05,1017.0,10,22,6,0,0,8833.05,15161.95,9605.4,19036.3,0.0,0.0,645.0,894.5,1249.5,1640.0,14267.45,8355.9,16751.3
2023-10-23,155.0,9002.9,1108.0,10,23,0,0,0,10265.9,8833.05,12341.75,13159.95,40.0,385.5,452.0,1017.0,1451.0,366.0,7776.05,10505.25,12341.95
2023-10-24,551.0,12357.65,1350.0,10,24,1,0,0,14258.65,10265.9,14343.9,12776.55,155.0,835.0,229.5,1108.0,1133.5,1488.0,9002.9,12375.4,11059.05
2023-10-25,487.0,10301.25,376.0,10,25,2,0,0,11164.25,14258.65,12291.29,10866.8,551.0,334.0,0.0,1350.0,2288.5,1631.0,12357.65,9668.79,9235.8
2023-10-26,200.5,9717.5,1432.0,10,26,3,0,0,11350.0,11164.25,9181.5,11326.0,487.0,96.0,36.0,376.0,1954.0,1183.5,10301.25,7131.5,10106.5
2023-10-27,1561.0,11905.6,2430.5,10,27,4,1,0,15897.1,11350.0,13019.0,11547.7,200.5,835.0,238.0,1432.0,1287.5,1305.0,9717.5,10896.5,10004.7
2023-10-28,129.0,14154.5,3532.4,10,28,5,1,0,17815.9,15897.1,15161.95,16767.35,1561.0,0.0,541.5,2430.5,894.5,3034.75,11905.6,14267.45,13191.1
2023-10-29,129.5,10880.9,1522.0,10,29,6,0,0,12532.4,17815.9,8833.05,10813.8,129.0,40.0,653.0,3532.4,1017.0,707.0,14154.5,7776.05,9453.8
2023-10-30,141.0,5885.75,2025.0,10,30,0,0,0,8051.75,12532.4,10265.9,15638.85,129.5,155.0,310.5,1522.0,1108.0,2613.5,10880.9,9002.9,12714.85
2023-10-31,676.0,7592.25,2194.0,10,31,1,0,0,10462.25,8051.75,14258.65,9036.0,141.0,551.0,49.0,2025.0,1350.0,1845.0,5885.75,12357.65,7142.0
2023-11-01,586.5,9840.0,1659.25,11,1,2,0,0,12085.75,10462.25,11164.25,11468.0,676.0,487.0,96.0,2194.0,376.0,1405.0,7592.25,10301.25,9967.0
2023-11-02,710.0,7069.35,2796.0,11,2,3,0,0,10575.35,12085.75,11350.0,13774.05,586.5,200.5,411.0,1659.25,1432.0,1558.5,9840.0,9717.5,11804.55
2023-11-03,432.0,14738.95,1940.0,11,3,4,1,0,17110.95,10575.35,15897.1,16445.25,710.0,1561.0,276.5,2796.0,2430.5,1700.0,7069.35,11905.6,14468.75
2023-11-04,183.5,11991.8,1860.0,11,4,5,1,0,14035.3,17110.95,17815.9,13783.0,432.0,129.0,50.0,1940.0,3532.4,1757.0,14738.95,14154.5,11976.0
2023-11-05,45.0,10234.5,456.0,11,5,6,0,0,10735.5,14035.3,12532.4,17018.9,183.5,129.5,123.5,1860.0,1522.0,3845.5,11991.8,10880.9,13049.9
2023-11-06,199.0,8424.05,855.0,11,6,0,0,0,9478.05,10735.5,8051.75,11328.65,45.0,141.0,461.0,456.0,2025.0,893.0,10234.5,5885.75,9974.65
2023-11-07,727.0,11745.5,1632.5,11,7,1,0,0,14105.0,9478.05,10462.25,14965.15,199.0,676.0,0.0,855.0,2194.0,708.0,8424.05,7592.25,14257.15
2023-11-08,226.0,13929.3,789.5,11,8,2,0,0,14944.8,14105.0,12085.75,15565.6,727.0,586.5,202.0,1632.5,1659.25,1627.0,11745.5,9840.0,13736.6
2023-11-09,513.5,12144.1,2322.0,11,9,3,0,0,14979.6,14944.8,10575.35,15104.5,226.0,710.0,467.5,789.5,2796.0,1190.5,13929.3,7069.35,13446.5
2023-11-10,514.0,9664.3,2038.5,11,10,4,1,0,12216.8,14979.6,17110.95,15538.6,513.5,432.0,969.5,2322.0,1940.0,2784.0,12144.1,14738.95,11785.1
2023-11-11,583.0,12778.2,1292.0,11,11,5,1,0,14653.2,12216.8,14035.3,10630.25,514.0,183.5,0.0,2038.5,1860.0,1696.0,9664.3,11991.8,8934.25
2023-11-12,615.0,14581.3,979.0,11,12,6,0,0,16175.3,14653.2,10735.5,12105.8,583.0,45.0,476.0,1292.0,456.0,552.0,12778.2,10234.5,11077.8
2023-11-13,52.0,11542.85,1882.75,11,13,0,0,0,13477.6,16175.3,9478.05,10920.4,615.0,199.0,108.0,979.0,855.0,921.0,14581.3,8424.05,9891.4
2023-11-14,75.0,13881.0,986.0,11,14,1,0,0,14942.0,13477.6,14105.0,9605.4,52.0,727.0,0.0,1882.75,1632.5,1249.5,11542.85,11745.5,8355.9
2023-11-15,677.5,11572.4,2337.5,11,15,2,0,0,14587.4,14942.0,14944.8,12341.75,75.0,226.0,385.5,986.0,789.5,1451.0,13881.0,13929.3,10505.25
2023-11-16,1759.0,9661.0,1921.5,11,16,3,0,0,13341.5,14587.4,14979.6,14343.9,677.5,513.5,835.0,2337.5,2322.0,1133.5,11572.4,12144.1,12375.4
2023-11-17,505.0,10257.2,3116.0,11,17,4,1,0,13878.2,13341.5,12216.8,12291.29,1759.0,514.0,334.0,1921.5,2038.5,2288.5,9661.0,9664.3,9668.79
2023-11-18,80.0,9934.2,1467.0,11,18,5,1,0,11481.2,13878.2,14653.2,9181.5,505.0,583.0,96.0,3116.0,1292.0,1954.0,10257.2,12778.2,7131.5
2023-11-19,0.0,6152.0,1983.0,11,19,6,0,0,8135.0,11481.2,16175.3,13019.0,80.0,615.0,835.0,1467.0,979.0,1287.5,9934.2,14581.3,10896.5
2023-11-20,27.5,7511.8,843.5,11,20,0,0,0,8382.8,8135.0,13477.6,15161.95,0.0,52.0,0.0,1983.0,1882.75,894.5,6152.0,11542.85,14267.45
2023-11-21,27.5,8612.6,1224.0,11,21,1,0,0,9864.1,8382.8,14942.0,8833.05,27.5,75.0,40.0,843.5,986.0,1017.0,7511.8,13881.0,7776.05
2023-11-22,195.0,7982.0,2068.5,11,22,2,0,0,10245.5,9864.1,14587.4,10265.9,27.5,677.5,155.0,1224.0,2337.5,1108.0,8612.6,11572.4,9002.9
2023-11-23,0.0,8499.25,1317.0,11,23,3,0,0,9816.25,10245.5,13341.5,14258.65,195.0,1759.0,551.0,2068.5,1921.5,1350.0,7982.0,9661.0,12357.65
2023-11-24,889.0,14420.6,1782.0,11,24,4,1,0,17091.6,9816.25,13878.2,11164.25,0.0,505.0,487.0,1317.0,3116.0,376.0,8499.25,10257.2,10301.25
2023-11-25,0.0,12852.6,3042.25,11,25,5,1,0,15894.85,17091.6,11481.2,11350.0,889.0,80.0,200.5,1782.0,1467.0,1432.0,14420.6,9934.2,9717.5
2023-11-26,0.0,10755.0,846.0,11,26,6,0,0,11601.0,15894.85,8135.0,15897.1,0.0,0.0,1561.0,3042.25,1983.0,2430.5,12852.6,6152.0,11905.6
2023-11-27,721.5,11510.15,1304.0,11,27,0,0,0,13535.65,11601.0,8382.8,17815.9,0.0,27.5,129.0,846.0,843.5,3532.4,10755.0,7511.8,14154.5
2023-11-28,227.5,12994.4,872.0,11,28,1,0,0,14093.9,13535.65,9864.1,12532.4,721.5,27.5,129.5,1304.0,1224.0,1522.0,11510.15,8612.6,10880.9
2023-11-29,238.0,19752.95,1763.5,11,29,2,0,0,21754.45,14093.9,10245.5,8051.75,227.5,195.0,141.0,872.0,2068.5,2025.0,12994.4,7982.0,5885.75
2023-11-30,415.0,11788.0,3059.5,11,30,3,0,0,15262.5,21754.45,9816.25,10462.25,238.0,0.0,676.0,1763.5,1317.0,2194.0,19752.95,8499.25,7592.25
2023-12-01,499.0,16555.4,1899.0,12,1,4,1,0,18953.4,15262.5,17091.6,12085.75,415.0,889.0,586.5,3059.5,1782.0,1659.25,11788.0,14420.6,9840.0
2023-12-02,342.0,16863.0,1568.0,12,2,5,1,1,18773.0,18953.4,15894.85,10575.35,499.0,0.0,710.0,1899.0,3042.25,2796.0,16555.4,12852.6,7069.35
2023-12-03,172.0,11219.75,956.0,12,3,6,0,1,12347.75,18773.0,11601.0,17110.95,342.0,0.0,432.0,1568.0,846.0,1940.0,16863.0,10755.0,14738.95
2023-12-04,1030.0,12426.0,1818.0,12,4,0,0,0,15274.0,12347.75,13535.65,14035.3,172.0,721.5,183.5,956.0,1304.0,1860.0,11219.75,11510.15,11991.8
2023-12-05,497.0,11744.5,1535.0,12,5,1,0,0,13776.5,15274.0,14093.9,10735.5,1030.0,227.5,45.0,1818.0,872.0,456.0,12426.0,12994.4,10234.5
2023-12-06,366.0,12644.05,1117.25,12,6,2,0,0,14127.3,13776.5,21754.45,9478.05,497.0,238.0,199.0,1535.0,1763.5,855.0,11744.5,19752.95,8424.05
2023-12-07,224.0,12655.25,943.5,12,7,3,0,0,13822.75,14127.3,15262.5,14105.0,366.0,415.0,727.0,1117.25,3059.5,1632.5,12644.05,11788.0,11745.5
2023-12-08,741.5,13054.65,3505.75,12,8,4,1,0,17301.9,13822.75,18953.4,14944.8,224.0,499.0,226.0,943.5,1899.0,789.5,12655.25,16555.4,13929.3
2023-12-09,357.0,17958.9,837.0,12,9,5,1,0,19152.9,17301.9,18773.0,14979.6,741.5,342.0,513.5,3505.75,1568.0,2322.0,13054.65,16863.0,12144.1
2023-12-10,86.0,9379.55,3131.0,12,10,6,0,0,12596.55,19152.9,12347.75,12216.8,357.0,172.0,514.0,837.0,956.0,2038.5,17958.9,11219.75,9664.3
2023-12-11,0.0,7005.75,893.0,12,11,0,0,0,7898.75,12596.55,15274.0,14653.2,86.0,1030.0,583.0,3131.0,1818.0,1292.0,9379.55,12426.0,12778.2
2023-12-12,165.5,9604.6,2267.4,12,12,1,0,0,12037.5,7898.75,13776.5,16175.3,0.0,497.0,615.0,893.0,1535.0,979.0,7005.75,11744.5,14581.3
2023-12-13,130.0,9484.45,1215.5,12,13,2,0,0,10829.95,12037.5,14127.3,13477.6,165.5,366.0,52.0,2267.4,1117.25,1882.75,9604.6,12644.05,11542.85
2023-12-14,495.0,6936.05,1511.0,12,14,3,0,0,8942.05,10829.95,13822.75,14942.0,130.0,224.0,75.0,1215.5,943.5,986.0,9484.45,12655.25,13881.0
2023-12-15,201.0,6326.0,1735.0,12,15,4,1,0,8262.0,8942.05,17301.9,14587.4,495.0,741.5,677.5,1511.0,3505.75,2337.5,6936.05,13054.65,11572.4
2023-12-16,0.0,9630.1,1519.5,12,16,5,1,0,11149.6,8262.0,19152.9,13341.5,201.0,357.0,1759.0,1735.0,837.0,1921.5,6326.0,17958.9,9661.0
2023-12-17,0.0,9107.0,793.0,12,17,6,0,0,9900.0,11149.6,12596.55,13878.2,0.0,86.0,505.0,1519.5,3131.0,3116.0,9630.1,9379.55,10257.2
2023-12-18,473.5,6673.15,2050.5,12,18,0,0,0,9197.15,9900.0,7898.75,11481.2,0.0,0.0,80.0,793.0,893.0,1467.0,9107.0,7005.75,9934.2
2023-12-19,0.0,7734.7,692.0,12,19,1,0,0,8426.7,9197.15,12037.5,8135.0,473.5,165.5,0.0,2050.5,2267.4,1983.0,6673.15,9604.6,6152.0
2023-12-20,247.5,8401.0,257.0,12,20,2,0,0,8905.5,8426.7,10829.95,8382.8,0.0,130.0,27.5,692.0,1215.5,843.5,7734.7,9484.45,7511.8
2023-12-21,531.5,11511.5,1489.25,12,21,3,0,0,13532.25,8905.5,8942.05,9864.1,247.5,495.0,27.5,257.0,1511.0,1224.0,8401.0,6936.05,8612.6
2023-12-22,335.0,8626.25,1106.0,12,22,4,1,0,10067.25,13532.25,8262.0,10245.5,531.5,201.0,195.0,1489.25,1735.0,2068.5,11511.5,6326.0,7982.0
2023-12-23,0.0,11164.1,1241.0,12,23,5,1,0,12405.1,10067.25,11149.6,9816.25,335.0,0.0,0.0,1106.0,1519.5,1317.0,8626.25,9630.1,8499.25
2023-12-24,280.0,8520.5,1513.0,12,24,6,0,0,10313.5,12405.1,9900.0,17091.6,0.0,0.0,889.0,1241.0,793.0,1782.0,11164.1,9107.0,14420.6
2023-12-25,1215.0,7951.0,1084.5,12,25,0,0,0,10250.5,10313.5,9197.15,15894.85,280.0,473.5,0.0,1513.0,2050.5,3042.25,8520.5,6673.15,12852.6
2023-12-26,165.0,9507.4,1690.0,12,26,1,0,0,11362.4,10250.5,8426.7,11601.0,1215.0,0.0,0.0,1084.5,692.0,846.0,7951.0,7734.7,10755.0
2023-12-27,501.0,8487.35,2175.0,12,27,2,0,0,11163.35,11362.4,8905.5,13535.65,165.0,247.5,721.5,1690.0,257.0,1304.0,9507.4,8401.0,11510.15
2023-12-28,233.0,9656.4,1014.5,12,28,3,0,0,10903.9,11163.35,13532.25,14093.9,501.0,531.5,227.5,2175.0,1489.25,872.0,8487.35,11511.5,12994.4
2023-12-29,0.0,10189.25,455.0,12,29,4,1,0,10644.25,10903.9,10067.25,21754.45,233.0,335.0,238.0,1014.5,1106.0,1763.5,9656.4,8626.25,19752.95
2023-12-30,317.0,9305.75,542.25,12,30,5,1,0,10165.0,10644.25,12405.1,15262.5,0.0,0.0,415.0,455.0,1241.0,3059.5,10189.25,11164.1,11788.0
2023-12-31,0.0,8663.25,940.5,12,31,6,0,1,9603.75,10165.0,10313.5,18953.4,317.0,280.0,499.0,542.25,1513.0,1899.0,9305.75,8520.5,16555.4
2024-01-01,448.0,17560.8,1224.0,1,1,0,0,1,19232.8,9603.75,10250.5,18773.0,0.0,1215.0,342.0,940.5,1084.5,1568.0,8663.25,7951.0,16863.0
2024-01-02,1000.0,17805.8,1604.0,1,2,1,0,0,20409.8,19232.8,11362.4,12347.75,448.0,165.0,172.0,1224.0,1690.0,956.0,17560.8,9507.4,11219.75
2024-01-03,0.0,11529.2,1333.0,1,3,2,0,0,12862.2,20409.8,11163.35,15274.0,1000.0,501.0,1030.0,1604.0,2175.0,1818.0,17805.8,8487.35,12426.0
2024-01-04,96.0,11114.3,1597.0,1,4,3,0,0,12807.3,12862.2,10903.9,13776.5,0.0,233.0,497.0,1333.0,1014.5,1535.0,11529.2,9656.4,11744.5
2024-01-05,994.0,10353.6,2042.0,1,5,4,1,0,13389.6,12807.3,10644.25,14127.3,96.0,0.0,366.0,1597.0,455.0,1117.25,11114.3,10189.25,12644.05
2024-01-06,276.0,19631.8,2096.0,1,6,5,1,0,22003.8,13389.6,10165.0,13822.75,994.0,317.0,224.0,2042.0,542.25,943.5,10353.6,9305.75,12655.25
2024-01-07,1852.0,17426.6,1458.0,1,7,6,0,0,20736.6,22003.8,9603.75,17301.9,276.0,0.0,741.5,2096.0,940.5,3505.75,19631.8,8663.25,13054.65
2024-01-08,591.0,14684.6,2386.0,1,8,0,0,0,17661.6,20736.6,19232.8,19152.9,1852.0,448.0,357.0,1458.0,1224.0,837.0,17426.6,17560.8,17958.9
2024-01-09,160.0,18836.7,1490.0,1,9,1,0,0,20486.7,17661.6,20409.8,12596.55,591.0,1000.0,86.0,2386.0,1604.0,3131.0,14684.6,17805.8,9379.55
2024-01-10,1078.0,13922.4,3498.0,1,10,2,0,0,18498.4,20486.7,12862.2,7898.75,160.0,0.0,0.0,1490.0,1333.0,893.0,18836.7,11529.2,7005.75
2024-01-11,400.0,21281.3,1770.0,1,11,3,0,0,23451.3,18498.4,12807.3,12037.5,1078.0,96.0,165.5,3498.0,1597.0,2267.4,13922.4,11114.3,9604.6
2024-01-12,96.0,18754.8,3900.0,1,12,4,1,0,22750.8,23451.3,13389.6,10829.95,400.0,994.0,130.0,1770.0,2042.0,1215.5,21281.3,10353.6,9484.45
2024-01-13,628.0,15129.0,2132.0,1,13,5,1,0,17889.0,22750.8,22003.8,8942.05,96.0,276.0,495.0,3900.0,2096.0,1511.0,18754.8,19631.8,6936.05
2024-01-14,0.0,14212.2,3823.0,1,14,6,0,0,18035.2,17889.0,20736.6,8262.0,628.0,1852.0,201.0,2132.0,1458.0,1735.0,15129.0,17426.6,6326.0
2024-01-15,445.0,15736.8,3217.5,1,15,0,0,0,19399.3,18035.2,17661.6,11149.6,0.0,591.0,0.0,3823.0,2386.0,1519.5,14212.2,14684.6,9630.1
2024-01-16,890.0,16723.18,2452.02,1,16,1,0,0,20065.2,19399.3,20486.7,9900.0,445.0,160.0,0.0,3217.5,1490.0,793.0,15736.8,18836.7,9107.0
2024-01-17,651.0,20957.6,1795.0,1,17,2,0,0,23403.6,20065.2,18498.4,9197.15,890.0,1078.0,473.5,2452.02,3498.0,2050.5,16723.18,13922.4,6673.15
2024-01-18,657.0,29862.2,2806.5,1,18,3,0,0,33325.7,23403.6,23451.3,8426.7,651.0,400.0,0.0,1795.0,1770.0,692.0,20957.6,21281.3,7734.7
2024-01-19,1360.0,22082.5,2897.0,1,19,4,1,0,26339.5,33325.7,22750.8,8905.5,657.0,96.0,247.5,2806.5,3900.0,257.0,29862.2,18754.8,8401.0
2024-01-20,0.0,13747.3,2239.0,1,20,5,1,0,15986.3,26339.5,17889.0,13532.25,1360.0,628.0,531.5,2897.0,2132.0,1489.25,22082.5,15129.0,11511.5
2024-01-21,240.0,15241.7,488.0,1,21,6,0,0,15969.7,15986.3,18035.2,10067.25,0.0,0.0,335.0,2239.0,3823.0,1106.0,13747.3,14212.2,8626.25
2024-01-22,40.0,12641.7,1814.0,1,22,0,0,0,14495.7,15969.7,19399.3,12405.1,240.0,445.0,0.0,488.0,3217.5,1241.0,15241.7,15736.8,11164.1
2024-01-23,1238.0,23757.6,1780.0,1,23,1,0,0,26775.6,14495.7,20065.2,10313.5,40.0,890.0,280.0,1814.0,2452.02,1513.0,12641.7,16723.18,8520.5
2024-01-24,374.0,15834.5,2054.0,1,24,2,0,0,18262.5,26775.6,23403.6,10250.5,1238.0,651.0,1215.0,1780.0,1795.0,1084.5,23757.6,20957.6,7951.0
2024-01-25,0.0,21622.0,1736.0,1,25,3,0,0,23358.0,18262.5,33325.7,11362.4,374.0,657.0,165.0,2054.0,2806.5,1690.0,15834.5,29862.2,9507.4
2024-01-26,1000.0,21317.2,3475.0,1,26,4,1,0,25792.2,23358.0,26339.5,11163.35,0.0,1360.0,501.0,1736.0,2897.0,2175.0,21622.0,22082.5,8487.35
2024-01-27,194.0,22843.6,1844.0,1,27,5,1,0,24881.6,25792.2,15986.3,10903.9,1000.0,0.0,233.0,3475.0,2239.0,1014.5,21317.2,13747.3,9656.4
2024-01-28,0.0,28219.1,4578.0,1,28,6,0,0,32797.1,24881.6,15969.7,10644.25,194.0,240.0,0.0,1844.0,488.0,455.0,22843.6,15241.7,10189.25
2024-01-29,40.0,23877.5,5712.0,1,29,0,0,0,29629.5,32797.1,14495.7,10165.0,0.0,40.0,317.0,4578.0,1814.0,542.25,28219.1,12641.7,9305.75
2024-01-30,282.0,18295.7,4116.0,1,30,1,0,0,22693.7,29629.5,26775.6,9603.75,40.0,1238.0,0.0,5712.0,1780.0,940.5,23877.5,23757.6,8663.25
2024-01-31,688.0,25490.4,2575.0,1,31,2,0,0,28753.4,22693.7,18262.5,19232.8,282.0,374.0,448.0,4116.0,2054.0,1224.0,18295.7,15834.5,17560.8
2024-02-01,448.0,26214.7,5635.0,2,1,3,0,0,32297.7,28753.4,23358.0,20409.8,688.0,0.0,1000.0,2575.0,1736.0,1604.0,25490.4,21622.0,17805.8
2024-02-02,100.0,24375.5,3883.0,2,2,4,1,0,28358.5,32297.7,25792.2,12862.2,448.0,1000.0,0.0,5635.0,3475.0,1333.0,26214.7,21317.2,11529.2
2024-02-03,602.0,22338.0,1480.0,2,3,5,1,0,24420.0,28358.5,24881.6,12807.3,100.0,194.0,96.0,3883.0,1844.0,1597.0,24375.5,22843.6,11114.3
2024-02-04,282.0,33101.3,634.0,2,4,6,0,0,34017.3,24420.0,32797.1,13389.6,602.0,0.0,994.0,1480.0,4578.0,2042.0,22338.0,28219.1,10353.6
2024-02-05,480.0,19595.0,2306.0,2,5,0,0,0,22381.0,34017.3,29629.5,22003.8,282.0,40.0,276.0,634.0,5712.0,2096.0,33101.3,23877.5,19631.8
2024-02-06,0.0,21824.8,1846.0,2,6,1,0,0,23670.8,22381.0,22693.7,20736.6,480.0,282.0,1852.0,2306.0,4116.0,1458.0,19595.0,18295.7,17426.6
2024-02-07,604.0,27815.8,1978.0,2,7,2,0,0,30397.8,23670.8,28753.4,17661.6,0.0,688.0,591.0,1846.0,2575.0,2386.0,21824.8,25490.4,14684.6
2024-02-08,164.0,19486.2,6057.0,2,8,3,0,0,25707.2,30397.8,32297.7,20486.7,604.0,448.0,160.0,1978.0,5635.0,1490.0,27815.8,26214.7,18836.7
2024-02-09,518.0,20313.7,5735.0,2,9,4,1,0,26566.7,25707.2,28358.5,18498.4,164.0,100.0,1078.0,6057.0,3883.0,3498.0,19486.2,24375.5,13922.4
2024-02-10,300.0,16334.6,3298.0,2,10,5,1,0,19932.6,26566.7,24420.0,23451.3,518.0,602.0,400.0,5735.0,1480.0,1770.0,20313.7,22338.0,21281.3
2024-02-11,200.0,16197.8,1190.0,2,11,6,0,0,17587.8,19932.6,34017.3,22750.8,300.0,282.0,96.0,3298.0,634.0,3900.0,16334.6,33101.3,18754.8
2024-02-12,1007.0,21203.5,1816.0,2,12,0,0,0,24026.5,17587.8,22381.0,17889.0,200.0,480.0,628.0,1190.0,2306.0,2132.0,16197.8,19595.0,15129.0
2024-02-13,300.0,22996.7,2816.0,2,13,1,0,0,26112.7,24026.5,23670.8,18035.2,1007.0,0.0,0.0,1816.0,1846.0,3823.0,21203.5,21824.8,14212.2
2024-02-14,580.0,21423.6,680.0,2,14,2,0,0,22683.6,26112.7,30397.8,19399.3,300.0,604.0,445.0,2816.0,1978.0,3217.5,22996.7,27815.8,15736.8
2024-02-15,450.0,31303.2,3932.0,2,15,3,0,0,35685.2,22683.6,25707.2,20065.2,580.0,164.0,890.0,680.0,6057.0,2452.02,21423.6,19486.2,16723.18
2024-02-16,982.0,18158.2,2060.0,2,16,4,1,0,21200.2,35685.2,26566.7,23403.6,450.0,518.0,651.0,3932.0,5735.0,1795.0,31303.2,20313.7,20957.6
2024-02-17,513.0,15382.5,4004.0,2,17,5,1,0,19899.5,21200.2,19932.6,33325.7,982.0,300.0,657.0,2060.0,3298.0,2806.5,18158.2,16334.6,29862.2
2024-02-18,0.0,19185.0,3346.5,2,18,6,0,0,22531.5,19899.5,17587.8,26339.5,513.0,200.0,1360.0,4004.0,1190.0,2897.0,15382.5,16197.8,22082.5
2024-02-19,2180.0,31216.7,1426.0,2,19,0,0,0,34822.7,22531.5,24026.5,15986.3,0.0,1007.0,0.0,3346.5,1816.0,2239.0,19185.0,21203.5,13747.3
2024-02-20,100.0,25142.8,2746.0,2,20,1,0,0,27988.8,34822.7,26112.7,15969.7,2180.0,300.0,240.0,1426.0,2816.0,488.0,31216.7,22996.7,15241.7
2024-02-21,908.0,27613.8,1877.0,2,21,2,0,0,30398.8,27988.8,22683.6,14495.7,100.0,580.0,40.0,2746.0,680.0,1814.0,25142.8,21423.6,12641.7
2024-02-22,690.0,32251.7,2198.0,2,22,3,0,0,35139.7,30398.8,35685.2,26775.6,908.0,450.0,1238.0,1877.0,3932.0,1780.0,27613.8,31303.2,23757.6
2024-02-23,600.0,21702.8,6234.0,2,23,4,1,0,28536.8,35139.7,21200.2,18262.5,690.0,982.0,374.0,2198.0,2060.0,2054.0,32251.7,18158.2,15834.5
2024-02-24,400.0,26279.6,2574.0,2,24,5,1,0,29253.6,28536.8,19899.5,23358.0,600.0,513.0,0.0,6234.0,4004.0,1736.0,21702.8,15382.5,21622.0
2024-02-25,540.0,26530.6,3956.0,2,25,6,0,0,31026.6,29253.6,22531.5,25792.2,400.0,0.0,1000.0,2574.0,3346.5,3475.0,26279.6,19185.0,21317.2
2024-02-26,542.0,22042.2,3304.0,2,26,0,0,0,25888.2,31026.6,34822.7,24881.6,540.0,2180.0,194.0,3956.0,1426.0,1844.0,26530.6,31216.7,22843.6
2024-02-27,315.0,23828.2,9043.5,2,27,1,0,0,33186.7,25888.2,27988.8,32797.1,542.0,100.0,0.0,3304.0,2746.0,4578.0,22042.2,25142.8,28219.1
2024-02-28,560.0,29599.4,2282.0,2,28,2,0,0,32441.4,33186.7,30398.8,29629.5,315.0,908.0,40.0,9043.5,1877.0,5712.0,23828.2,27613.8,23877.5
2024-02-29,624.0,28852.4,5162.0,2,29,3,0,0,34638.4,32441.4,35139.7,22693.7,560.0,690.0,282.0,2282.0,2198.0,4116.0,29599.4,32251.7,18295.7
2024-03-01,154.0,29172.2,3426.0,3,1,4,1,0,32752.2,34638.4,28536.8,28753.4,624.0,600.0,688.0,5162.0,6234.0,2575.0,28852.4,21702.8,25490.4
2024-03-02,324.0,23477.9,2176.0,3,2,5,1,0,25977.9,32752.2,29253.6,32297.7,154.0,400.0,448.0,3426.0,2574.0,5635.0,29172.2,26279.6,26214.7
2024-03-03,0.0,23091.4,3688.0,3,3,6,0,0,26779.4,25977.9,31026.6,28358.5,324.0,540.0,100.0,2176.0,3956.0,3883.0,23477.9,26530.6,24375.5
2024-03-04,0.0,31297.0,2028.0,3,4,0,0,0,33325.0,26779.4,25888.2,24420.0,0.0,542.0,602.0,3688.0,3304.0,1480.0,23091.4,22042.2,22338.0
2024-03-05,596.0,81993.0,5502.0,3,5,1,0,0,88091.0,33325.0,33186.7,34017.3,0.0,315.0,282.0,2028.0,9043.5,634.0,31297.0,23828.2,33101.3
2024-03-06,330.0,26090.0,4366.0,3,6,2,0,0,30786.0,88091.0,32441.4,22381.0,596.0,560.0,480.0,5502.0,2282.0,2306.0,81993.0,29599.4,19595.0
2024-03-07,590.0,19989.8,4364.0,3,7,3,0,0,24943.8,30786.0,34638.4,23670.8,330.0,624.0,0.0,4366.0,5162.0,1846.0,26090.0,28852.4,21824.8
2024-03-08,1643.0,21477.8,3703.0,3,8,4,1,0,26823.8,24943.8,32752.2,30397.8,590.0,154.0,604.0,4364.0,3426.0,1978.0,19989.8,29172.2,27815.8
2024-03-09,0.0,16555.0,2502.0,3,9,5,1,0,19057.0,26823.8,25977.9,25707.2,1643.0,324.0,164.0,3703.0,2176.0,6057.0,21477.8,23477.9,19486.2
2024-03-10,244.0,17994.4,1856.5,3,10,6,0,0,20094.9,19057.0,26779.4,26566.7,0.0,0.0,518.0,2502.0,3688.0,5735.0,16555.0,23091.4,20313.7
2024-03-11,248.0,8912.5,5658.0,3,11,0,0,1,14818.5,20094.9,33325.0,19932.6,244.0,0.0,300.0,1856.5,2028.0,3298.0,17994.4,31297.0,16334.6
2024-03-12,734.0,7427.5,2772.0,3,12,1,0,0,10933.5,14818.5,88091.0,17587.8,248.0,596.0,200.0,5658.0,5502.0,1190.0,8912.5,81993.0,16197.8
2024-03-13,280.0,7590.0,2564.0,3,13,2,0,0,10434.0,10933.5,30786.0,24026.5,734.0,330.0,1007.0,2772.0,4366.0,1816.0,7427.5,26090.0,21203.5
2024-03-14,0.0,13421.0,1456.0,3,14,3,0,0,14877.0,10434.0,24943.8,26112.7,280.0,590.0,300.0,2564.0,4364.0,2816.0,7590.0,19989.8,22996.7
2024-03-15,440.0,10808.8,1894.0,3,15,4,1,0,13142.8,14877.0,26823.8,22683.6,0.0,1643.0,580.0,1456.0,3703.0,680.0,13421.0,21477.8,21423.6
2024-03-16,328.0,6197.0,1868.0,3,16,5,1,0,8393.0,13142.8,19057.0,35685.2,440.0,0.0,450.0,1894.0,2502.0,3932.0,10808.8,16555.0,31303.2
2024-03-17,0.0,11544.0,3630.0,3,17,6,0,0,15174.0,8393.0,20094.9,21200.2,328.0,244.0,982.0,1868.0,1856.5,2060.0,6197.0,17994.4,18158.2
2024-03-18,580.0,11285.2,1986.0,3,18,0,0,0,13851.2,15174.0,14818.5,19899.5,0.0,248.0,513.0,3630.0,5658.0,4004.0,11544.0,8912.5,15382.5
2024-03-19,0.0,13550.0,1622.0,3,19,1,0,0,15172.0,13851.2,10933.5,22531.5,580.0,734.0,0.0,1986.0,2772.0,3346.5,11285.2,7427.5,19185.0
2024-03-20,0.0,12485.5,1136.0,3,20,2,0,0,13621.5,15172.0,10434.0,34822.7,0.0,280.0,2180.0,1622.0,2564.0,1426.0,13550.0,7590.0,31216.7
2024-03-21,0.0,9544.0,5053.0,3,21,3,0,0,14597.0,13621.5,14877.0,27988.8,0.0,0.0,100.0,1136.0,1456.0,2746.0,12485.5,13421.0,25142.8
2024-03-22,521.0,7165.5,2203.5,3,22,4,1,0,9890.0,14597.0,13142.8,30398.8,0.0,440.0,908.0,5053.0,1894.0,1877.0,9544.0,10808.8,27613.8
2024-03-23,64.0,10519.25,1211.0,3,23,5,1,0,11794.25,9890.0,8393.0,35139.7,521.0,328.0,690.0,2203.5,1868.0,2198.0,7165.5,6197.0,32251.7
2024-03-24,0.0,3936.0,560.0,3,24,6,0,0,4496.0,11794.25,15174.0,28536.8,64.0,0.0,600.0,1211.0,3630.0,6234.0,10519.25,11544.0,21702.8
2024-03-25,190.0,4618.5,962.5,3,25,0,0,0,5771.0,4496.0,13851.2,29253.6,0.0,580.0,400.0,560.0,1986.0,2574.0,3936.0,11285.2,26279.6
2024-03-26,680.0,6047.0,1195.0,3,26,1,0,0,7922.0,5771.0,15172.0,31026.6,190.0,0.0,540.0,962.5,1622.0,3956.0,4618.5,13550.0,26530.6
2024-03-27,80.0,7240.6,1148.0,3,27,2,0,0,8468.6,7922.0,13621.5,25888.2,680.0,0.0,542.0,1195.0,1136.0,3304.0,6047.0,12485.5,22042.2
2024-03-28,794.0,5441.05,760.0,3,28,3,0,0,6995.05,8468.6,14597.0,33186.7,80.0,0.0,315.0,1148.0,5053.0,9043.5,7240.6,9544.0,23828.2
2024-03-29,679.4,7565.9,2340.5,3,29,4,1,0,10585.8,6995.05,9890.0,32441.4,794.0,521.0,560.0,760.0,2203.5,2282.0,5441.05,7165.5,29599.4
2024-03-30,432.0,6530.05,908.0,3,30,5,1,0,7870.05,10585.8,11794.25,34638.4,679.4,64.0,624.0,2340.5,1211.0,5162.0,7565.9,10519.25,28852.4
2024-03-31,1085.75,8936.75,749.0,3,31,6,0,0,10771.5,7870.05,4496.0,32752.2,432.0,0.0,154.0,908.0,560.0,3426.0,6530.05,3936.0,29172.2
2024-04-01,0.0,7216.55,738.0,4,1,0,0,0,7954.55,10771.5,5771.0,25977.9,1085.75,190.0,324.0,749.0,962.5,2176.0,8936.75,4618.5,23477.9
2024-04-02,345.5,7638.05,1047.0,4,2,1,0,0,9030.55,7954.55,7922.0,26779.4,0.0,680.0,0.0,738.0,1195.0,3688.0,7216.55,6047.0,23091.4
2024-04-03,196.0,4937.7,1262.5,4,3,2,0,0,6396.2,9030.55,8468.6,33325.0,345.5,80.0,0.0,1047.0,1148.0,2028.0,7638.05,7240.6,31297.0
2024-04-04,180.0,5038.4,840.5,4,4,3,0,0,6058.9,6396.2,6995.05,88091.0,196.0,794.0,596.0,1262.5,760.0,5502.0,4937.7,5441.05,81993.0
2024-04-05,188.0,3384.7,925.0,4,5,4,1,0,4497.7,6058.9,10585.8,30786.0,180.0,679.4,330.0,840.5,2340.5,4366.0,5038.4,7565.9,26090.0
2024-04-06,100.0,9163.1,1378.25,4,6,5,1,0,10641.35,4497.7,7870.05,24943.8,188.0,432.0,590.0,925.0,908.0,4364.0,3384.7,6530.05,19989.8
2024-04-07,110.0,7770.9,666.0,4,7,6,0,0,8546.9,10641.35,10771.5,26823.8,100.0,1085.75,1643.0,1378.25,749.0,3703.0,9163.1,8936.75,21477.8
2024-04-08,650.0,3225.4,878.0,4,8,0,0,1,4753.4,8546.9,7954.55,19057.0,110.0,0.0,0.0,666.0,738.0,2502.0,7770.9,7216.55,16555.0
2024-04-09,80.0,6793.8,698.0,4,9,1,0,1,7571.8,4753.4,9030.55,20094.9,650.0,345.5,244.0,878.0,1047.0,1856.5,3225.4,7638.05,17994.4
2024-04-10,32.0,4407.6,367.0,4,10,2,0,1,4806.6,7571.8,6396.2,14818.5,80.0,196.0,248.0,698.0,1262.5,5658.0,6793.8,4937.7,8912.5
2024-04-11,486.0,7377.45,1027.0,4,11,3,0,1,8890.45,4806.6,6058.9,10933.5,32.0,180.0,734.0,367.0,840.5,2772.0,4407.6,5038.4,7427.5
2024-04-12,150.0,5459.0,1464.0,4,12,4,1,1,7073.0,8890.45,4497.7,10434.0,486.0,188.0,280.0,1027.0,925.0,2564.0,7377.45,3384.7,7590.0
2024-04-13,0.0,5872.8,1415.0,4,13,5,1,0,7287.8,7073.0,10641.35,14877.0,150.0,100.0,0.0,1464.0,1378.25,1456.0,5459.0,9163.1,13421.0
2024-04-14,690.0,8675.5,584.0,4,14,6,0,0,9949.5,7287.8,8546.9,13142.8,0.0,110.0,440.0,1415.0,666.0,1894.0,5872.8,7770.9,10808.8
2024-04-15,0.0,8049.5,3118.25,4,15,0,0,0,11167.75,9949.5,4753.4,8393.0,690.0,650.0,328.0,584.0,878.0,1868.0,8675.5,3225.4,6197.0
2024-04-16,50.0,16875.75,1781.5,4,16,1,0,0,18707.25,11167.75,7571.8,15174.0,0.0,80.0,0.0,3118.25,698.0,3630.0,8049.5,6793.8,11544.0
2024-04-17,0.0,13089.5,4545.0,4,17,2,0,0,17634.5,18707.25,4806.6,13851.2,50.0,32.0,580.0,1781.5,367.0,1986.0,16875.75,4407.6,11285.2
2024-04-18,200.0,9790.3,677.5,4,18,3,0,0,10667.8,17634.5,8890.45,15172.0,0.0,486.0,0.0,4545.0,1027.0,1622.0,13089.5,7377.45,13550.0
2024-04-19,85.0,9885.5,998.5,4,19,4,1,0,10969.0,10667.8,7073.0,13621.5,200.0,150.0,0.0,677.5,1464.0,1136.0,9790.3,5459.0,12485.5
2024-04-20,280.0,11882.25,1710.0,4,20,5,1,0,13872.25,10969.0,7287.8,14597.0,85.0,0.0,0.0,998.5,1415.0,5053.0,9885.5,5872.8,9544.0
2024-04-21,0.0,7078.5,1927.0,4,21,6,0,0,9005.5,13872.25,9949.5,9890.0,280.0,690.0,521.0,1710.0,584.0,2203.5,11882.25,8675.5,7165.5
2024-04-22,523.5,6842.8,952.5,4,22,0,0,0,8318.8,9005.5,11167.75,11794.25,0.0,0.0,64.0,1927.0,3118.25,1211.0,7078.5,8049.5,10519.25
2024-04-23,564.0,8698.7,1621.0,4,23,1,0,0,10883.7,8318.8,18707.25,4496.0,523.5,50.0,0.0,952.5,1781.5,560.0,6842.8,16875.75,3936.0
2024-04-24,245.0,6305.4,2640.75,4,24,2,0,0,9191.15,10883.7,17634.5,5771.0,564.0,0.0,190.0,1621.0,4545.0,962.5,8698.7,13089.5,4618.5
2024-04-25,394.0,13528.5,1967.0,4,25,3,0,0,15889.5,9191.15,10667.8,7922.0,245.0,200.0,680.0,2640.75,677.5,1195.0,6305.4,9790.3,6047.0
2024-04-26,830.0,11858.45,1357.5,4,26,4,1,0,14045.95,15889.5,10969.0,8468.6,394.0,85.0,80.0,1967.0,998.5,1148.0,13528.5,9885.5,7240.6
2024-04-27,48.0,13293.5,1641.0,4,27,5,1,0,14982.5,14045.95,13872.25,6995.05,830.0,280.0,794.0,1357.5,1710.0,760.0,11858.45,11882.25,5441.05
2024-04-28,711.0,8366.35,3164.0,4,28,6,0,0,12241.35,14982.5,9005.5,10585.8,48.0,0.0,679.4,1641.0,1927.0,2340.5,13293.5,7078.5,7565.9
2024-04-29,0.0,10634.2,1790.5,4,29,0,0,0,12424.7,12241.35,8318.8,7870.05,711.0,523.5,432.0,3164.0,952.5,908.0,8366.35,6842.8,6530.05
2024-04-30,430.0,9306.5,1167.0,4,30,1,0,0,10903.5,12424.7,10883.7,10771.5,0.0,564.0,1085.75,1790.5,1621.0,749.0,10634.2,8698.7,8936.75
